кат;назва;на¤вн≥сть;код;опт;роздр≥б
Грузки, оливки, дробины;            4 compartment split soft lead shot (4 секционный набор грузиков);;E-D-104;1,19 EUR;49,98
Грузки, оливки, дробины;            4 compartment split soft lead shot MINI (4 секционный набор грузиков);22,000;E-D-105;0,98 EUR;41,16
Грузки, оливки, дробины;            6 compartment split soft lead shot (6 секционный набор грузиков);;E-D-106;1,94 EUR;81,48
Грузки, оливки, дробины;            7 compartment split soft lead shot (7 секционный набор грузиков);22,000;E-D-107;2,69 EUR;112,98
Грузки, оливки, дробины;            Dinsmores poly tube AAA 0,8g (Ќаполнительные грузики);;E-D-11;0,53 EUR;22,26
Грузки, оливки, дробины;            Dinsmores poly tube BB 0,4g (Ќаполнительные грузики);;E-D-12;0,53 EUR;22,26
Грузки, оливки, дробины;            Dinsmores poly tube No.1  0,3g (Ќаполнительные грузики);;E-D-13;0,53 EUR;22,26
Грузки, оливки, дробины;            Dinsmores poly tube No.4  0,2g (Ќаполнительные грузики);;E-D-14;0,59 EUR;24,78
Грузки, оливки, дробины;            Dinsmores poly tube No.6  0,1g (Ќаполнительные грузики);14,000;E-D-15;0,68 EUR;28,56
Грузки, оливки, дробины;            Dinsmores poly tube No.8  0,06g (Ќаполнительные грузики);1,000;E-D-16;0,68 EUR;28,56
Грузки, оливки, дробины;            Dinsmores poly tube SSG 1,6g (Ќаполнительные грузики);;E-D-10;0,53 EUR;22,26
Грузки, оливки, дробины;            CZ Fanatic Lead  -60gr,1шт (Груз с шипами с силиконовой вставкой);;CZ1350;0,89 EUR;37,38
Грузки, оливки, дробины;            CZ Fanatic Lead - 80gr,1шт (Груз с шипами с силиконовой вставкой);8,000;CZ1367;1,04 EUR;43,68
Грузки, оливки, дробины;            CZ Fanatic Lead -100gr,1шт(Груз с шипами с силиконовой вставкой);19,000;CZ1374;1,13 EUR;47,46
Грузки, оливки, дробины;            CZ Fanatic Lead -120gr,1шт(Груз с шипами с силиконовой вставкой);30,000;CZ1381;1,34 EUR;56,28
Грузки, оливки, дробины;            CZ Fanatic Lead -140gr,1шт(Груз с шипами с силиконовой вставкой);26,000;CZ1398;1,49 EUR;62,58
Грузки, оливки, дробины;            CZ Fanatic Lead Flat Pear - 60g, 1шт (Груша с силиконовой вставкой);;CZ1251;0,89 EUR;37,38
Грузки, оливки, дробины;            CZ Fanatic Lead Flat Pear - 80g, 1шт (Груша с силиконовой вставкой);6,000;CZ1268;1,04 EUR;43,68
Грузки, оливки, дробины;            CZ Fanatic Lead Flat Pear -100g, 1шт(Груша с силиконовой вставкой);;CZ1275;1,13 EUR;47,46
Грузки, оливки, дробины;            CZ Fanatic Lead Flat Pear -120g, 1шт(Груша с силиконовой вставкой);11,000;CZ1282;1,34 EUR;56,28
Грузки, оливки, дробины;            CZ Fanatic Lead Flat Pear 100g, 1шт (Груша с вертлюгом);;CZ1237;1,13 EUR;47,46
Грузки, оливки, дробины;            CZ Fanatic Lead Flat Pear 120g, 1шт (Груша с вертлюгом);10,000;CZ1244;1,34 EUR;56,28
Грузки, оливки, дробины;            CZ Fanatic Lead Flat Pear 40g,  1шт  (Груша с вертлюгом);;CZ1206;0,74 EUR;31,08
Грузки, оливки, дробины;            CZ Fanatic Lead Flat Pear 60g,  1шт  (Груша с вертлюгом);;CZ1213;0,89 EUR;37,38
Грузки, оливки, дробины;            CZ Fanatic Lead Flat Pear 80g,  1шт  (Груша с вертлюгом);;CZ1220;1,04 EUR;43,68
Грузки, оливки, дробины;            CZ Fanatic Lead Heavy 100g, 1шт (Груз с шипами с вертлюгом);1,000;CZ1312;1,13 EUR;47,46
Грузки, оливки, дробины;            CZ Fanatic Lead Heavy 120g, 1шт (Груз с шипами с вертлюгом);10,000;CZ1329;1,34 EUR;56,28
Грузки, оливки, дробины;            CZ Fanatic Lead Heavy 140g, 1шт (Груз с шипами с вертлюгом);31,000;CZ1336;1,49 EUR;62,58
Грузки, оливки, дробины;            CZ Fanatic Lead Heavy 160g, 1шт (Груз с шипами с вертлюгом);21,000;CZ1343;1,79 EUR;75,18
Грузки, оливки, дробины;            CZ Fanatic Lead Heavy 60g,  1шт  (Груз с шипами с вертлюгом);8,000;CZ1299;0,89 EUR;37,38
Грузки, оливки, дробины;            CZ Fanatic Lead Heavy 80g,  1шт  (Груз с шипами с вертлюгом);;CZ1305;1,04 EUR;43,68
Грузки, оливки, дробины;            CZ Fanatic Lead Long Cast  40g, 1шт (Груз Long Cast карповый);;CZ1404;0,74 EUR;31,08
Грузки, оливки, дробины;            CZ Fanatic Lead Long Cast  60g, 1шт (Груз Long Cast карповый);;CZ1411;0,89 EUR;37,38
Грузки, оливки, дробины;            CZ Fanatic Lead Long Cast  80g, 1шт (Груз Long Cast карповый);;CZ1428;1,04 EUR;43,68
Грузки, оливки, дробины;            CZ Fanatic Lead Long Cast 100g, 1шт (Груз Long Cast карповый);;CZ1435;1,13 EUR;47,46
Грузки, оливки, дробины;            CZ Fanatic Lead Long Cast 120g, 1шт (Груз Long Cast карповый);;CZ1442;1,34 EUR;56,28
