"CZ9362","http://www.bigfish.uz.ua/sites/default/files/2013-05/21/20545443_1_644x461_12-uveg-sweet-anglers-maize-kukorica-225ml125gr-318ft-uveg-x-kerulet_5.jpg"
"CZ1150","http://www.bigfish.uz.ua/sites/default/files/2016-01/11/shider_1174_1150_1129_1105_szovegbe.jpg"
"CZ1136","http://www.bigfish.uz.ua/sites/default/files/2016-01/20/shider_1174_1150_1129_1105_szovegbe (2) — копия_0.jpg"
"CZ2012","http://www.bigfish.uz.ua/sites/default/files/2014-02/06/umbrella_arm.png"
"CZ1143","http://www.bigfish.uz.ua/sites/default/files/2016-01/20/shider_1174_1150_1129_1105_szovegbe (3) — копия_0.jpg"
"CZ0665","http://www.bigfish.uz.ua/sites/default/files/2015-11/08/Carp-Expedition-Bivvy-3.png"
"CZ0665","http://www.bigfish.uz.ua/sites/default/files/2015-11/08/Carp-Expedition-Bivvy-4.png"
"CZ0665","http://www.bigfish.uz.ua/sites/default/files/2015-11/08/adatok_0.png"
"CZ0665","http://www.bigfish.uz.ua/sites/default/files/2015-11/08/Carp-Expedition-Bivvy-2.png"
"CZ0696","http://www.bigfish.uz.ua/sites/default/files/2012-04/18/6tn_cz0659.jpg"
"CZ7672","http://www.bigfish.uz.ua/sites/default/files/2012-04/18/5tn_cz7672.jpg"
"CZ7634","http://www.bigfish.uz.ua/sites/default/files/2012-04/18/4tn_cz0628.jpg"
"CZ/SHIRT5 XXL","http://www.bigfish.uz.ua/sites/default/files/2016-01/21/ файлы_2.jpg"
"CZ7641","http://www.bigfish.uz.ua/sites/default/files/2012-04/18/2tn_cz0635.jpg"
"CZ7979","http://www.bigfish.uz.ua/sites/default/files/2012-04/18/1_tn_cz7979.jpg"
"CZ9561","http://www.bigfish.uz.ua/sites/default/files/2015-03/09/hard_dry_tigernuts.png"
"CZ0680","http://www.bigfish.uz.ua/sites/default/files/2013-03/28/67996387big.jpg"
"CZ7986","http://www.bigfish.uz.ua/sites/default/files/2013-03/28/large_CarpZoom_Full_Comfort_Boilie_Armchair-500x500.jpg"
"CZ0673","http://www.bigfish.uz.ua/sites/default/files/2013-03/28/8239475.jpg"
"CZ/SHIRT5 M","http://www.bigfish.uz.ua/sites/default/files/2016-01/21/ файлы_6.jpg"
"CZ0703","http://www.bigfish.uz.ua/sites/default/files/2013-03/28/carpzoom_eco_bedchair_-500x500.jpg"
"CZ0710","http://www.bigfish.uz.ua/sites/default/files/2013-05/21/03263.jpg"
"CZ0727","http://www.bigfish.uz.ua/sites/default/files/2013-03/28/carpzoom_full_comfort_bedchair_455.jpg"
"CZ7627","http://www.bigfish.uz.ua/sites/default/files/2012-04/18/1_tn_cz7627.jpg"
"CZ0734","http://www.bigfish.uz.ua/sites/default/files/2014-02/26/bivvy_lamp1.png"
"CZ0734","http://www.bigfish.uz.ua/sites/default/files/2014-02/26/bivvy_lamp2.png"
"CZ7610","http://www.bigfish.uz.ua/sites/default/files/2014-02/26/standard_sleepeng_bag_thumb.png"
"CZ8212","http://www.bigfish.uz.ua/sites/default/files/2015-04/22/smart_bivvy_lamp2.png"
"CZ8212","http://www.bigfish.uz.ua/sites/default/files/2015-04/22/smart_bivvy_lamp.png"
"CZ7757","http://www.bigfish.uz.ua/sites/default/files/2016-02/17/carryal1_0.png"
"CZ7757","http://www.bigfish.uz.ua/sites/default/files/2014-02/10/carryall_taska3_0.JPG"
"CZ7764","http://www.bigfish.uz.ua/sites/default/files/2014-02/10/carryal1.png"
"CZ7764","http://www.bigfish.uz.ua/sites/default/files/2014-02/10/carryall_taska3.JPG"
"CZ7917","http://www.bigfish.uz.ua/sites/default/files/2014-02/10/rod_holdall_0.png"
"CZ7603","http://www.bigfish.uz.ua/sites/default/files/2014-02/10/rod_holdall.png"
"CZ7924","http://www.bigfish.uz.ua/sites/default/files/2014-02/10/rod_sleeve.png"
"CZ7597","http://www.bigfish.uz.ua/sites/default/files/2014-02/10/rod_sleeve_0.png"
"CZ2045","http://www.bigfish.uz.ua/sites/default/files/2015-12/28/cz2045-175x175.jpg"
"CZ7771","http://www.bigfish.uz.ua/sites/default/files/2012-04/18/7_tn_cz7771.jpg"
"CZ7894","http://www.bigfish.uz.ua/sites/default/files/2014-02/10/shoulder_bag.png"
"CZ7894","http://www.bigfish.uz.ua/sites/default/files/2014-02/10/shoulder_bag1.png"
"CZ7887","http://www.bigfish.uz.ua/sites/default/files/2014-02/10/belt_bag.png"
"CZ7887","http://www.bigfish.uz.ua/sites/default/files/2014-02/10/belt_bag2.png"
"CZ7863","http://www.bigfish.uz.ua/sites/default/files/2014-02/10/rod_bag1_1.png"
"CZ7573","http://www.bigfish.uz.ua/sites/default/files/2014-02/10/rod_bag1_0.png"
"CZ7580","http://www.bigfish.uz.ua/sites/default/files/2014-02/10/rod_bag1.png"
"CZ7900","http://www.bigfish.uz.ua/sites/default/files/2014-02/10/double_rod_bag.png"
"CZ7559","http://www.bigfish.uz.ua/sites/default/files/2014-02/10/double_rod_bag_0.png"
"CZ7566","http://www.bigfish.uz.ua/sites/default/files/2014-02/10/double_rod_bag_1.png"
"CZ3446","http://www.bigfish.uz.ua/sites/default/files/2014-02/10/lead_box.png"
"CZ3453","http://www.bigfish.uz.ua/sites/default/files/2014-02/10/transparent_box.png"
"CZ7948","http://www.bigfish.uz.ua/sites/default/files/2014-02/10/keepnet_bag.png"
"CZ/SHIRT5 S","http://www.bigfish.uz.ua/sites/default/files/2016-01/21/ файлы_7.jpg"
"CZ0888","http://www.bigfish.uz.ua/sites/default/files/2012-04/18/3_tn_cz0888.jpg"
"CZ8595","http://www.bigfish.uz.ua/sites/default/files/2015-04/22/masterfull (1).png"
"CZ8595","http://www.bigfish.uz.ua/sites/default/files/2015-04/22/masterfull3.png"
"CZ8595","http://www.bigfish.uz.ua/sites/default/files/2015-04/22/masterfull2.png"
"CZ0956","http://www.bigfish.uz.ua/sites/default/files/2014-01/17/easy_weigh_sling.png"
"CZ2052","http://www.bigfish.uz.ua/sites/default/files/2015-12/28/cz2045-175x175_0.jpg"
"CZ1994","http://www.bigfish.uz.ua/sites/default/files/2015-12/28/cz1987-175x175_0.jpg"
"CZ0306","http://www.bigfish.uz.ua/sites/default/files/2016-01/21/ файлы (1).jpg"
"CZ1987","http://www.bigfish.uz.ua/sites/default/files/2015-12/28/cz1987-175x175.jpg"
"CZ0290","http://www.bigfish.uz.ua/sites/default/files/2016-01/21/ файлы (1)_0.jpg"
"CZ8167","http://www.bigfish.uz.ua/sites/default/files/2014-02/21/beta_landing_net1_1.png"
"CZ3538","http://www.bigfish.uz.ua/sites/default/files/2014-02/10/bait_carry_bag1.png"
"CZ3422","http://www.bigfish.uz.ua/sites/default/files/2014-02/10/rigwallet2.png"
"CZ3422","http://www.bigfish.uz.ua/sites/default/files/2014-02/10/rigwallet.png"
"CZ1985","http://www.bigfish.uz.ua/sites/default/files/2014-02/10/hooklink_box.png"
"CZ3484","http://www.bigfish.uz.ua/sites/default/files/2014-02/10/tip_protector.png"
"CZ8211","http://www.bigfish.uz.ua/sites/default/files/2014-02/21/boat_landing_net.png"
"CZ8211","http://www.bigfish.uz.ua/sites/default/files/2014-02/21/boat_landing_net2.png"
"CZ8259","http://www.bigfish.uz.ua/sites/default/files/2014-02/21/practic_landing_net1.png"
"CZ8259","http://www.bigfish.uz.ua/sites/default/files/2014-02/21/practic_landing_net2.png"
"CZ0382","http://www.bigfish.uz.ua/sites/default/files/2016-01/21/0150_2.jpg"
"CZ0214","http://www.bigfish.uz.ua/sites/default/files/2016-01/21/0150_1.jpg"
"CZ0221","http://www.bigfish.uz.ua/sites/default/files/2016-01/21/0150_0.jpg"
"CZ8280","http://www.bigfish.uz.ua/sites/default/files/2014-02/14/neat_head2.png"
"CZ0276","http://www.bigfish.uz.ua/sites/default/files/2016-01/21/ файлы (1)_2.jpg"
"CZ0283","http://www.bigfish.uz.ua/sites/default/files/2016-01/21/ файлы (1)_1.jpg"
"CZ8303","http://www.bigfish.uz.ua/sites/default/files/2014-02/14/neat_head3_1.png"
"CZ8310","http://www.bigfish.uz.ua/sites/default/files/2014-02/14/neat_head3_0.png"
"CZ0269","http://www.bigfish.uz.ua/sites/default/files/2016-01/21/ файлы (1)_3.jpg"
"CZ1000","http://www.bigfish.uz.ua/sites/default/files/2015-04/01/turbo_powder_dip_1.png"
"CZ1000","http://www.bigfish.uz.ua/sites/default/files/2015-04/01/turbo_powder_dip2_1.png"
"CZ1000","http://www.bigfish.uz.ua/sites/default/files/2015-04/01/turbo_powder_dip3_1.png"
"CZ7351","http://www.bigfish.uz.ua/sites/default/files/2012-04/18/11_tn_cz7368.jpg"
"CZ0238","http://www.bigfish.uz.ua/sites/default/files/2016-01/21/0150.jpg"
"CZ0245","http://www.bigfish.uz.ua/sites/default/files/2016-01/21/ файлы (1)_5.jpg"
"CZ0252","http://www.bigfish.uz.ua/sites/default/files/2016-01/21/ файлы (1)_4.jpg"
"CZ8334","http://www.bigfish.uz.ua/sites/default/files/2014-02/14/stark_keepnet_1.png"
"CZ8334","http://www.bigfish.uz.ua/sites/default/files/2014-02/14/stark_keepnet2_1.png"
"CZ8341","http://www.bigfish.uz.ua/sites/default/files/2014-02/14/stark_keepnet_0.png"
"CZ8341","http://www.bigfish.uz.ua/sites/default/files/2014-02/14/stark_keepnet2_0.png"
"CZ8358","http://www.bigfish.uz.ua/sites/default/files/2014-02/14/stark_keepnet.png"
"CZ8358","http://www.bigfish.uz.ua/sites/default/files/2014-02/14/stark_keepnet2.png"
"CZ8266","http://www.bigfish.uz.ua/sites/default/files/2014-02/21/pond_landing_net_thumb.png"
"CZ3385","http://www.bigfish.uz.ua/sites/default/files/2014-02/10/double_rod_stiff_bag_0.png"
"CZ2229","http://www.bigfish.uz.ua/sites/default/files/2015-12/28/e3a38779db6420aff2e691891d25baa5_1.jpg"
"CZ7511","http://www.bigfish.uz.ua/sites/default/files/2014-02/21/elite_carp_landing_net3.png"
"CZ1527","http://www.bigfish.uz.ua/sites/default/files/2014-02/21/elite_carp_landing_net3_0.png"
"CZ2212","http://www.bigfish.uz.ua/sites/default/files/2015-12/28/e3a38779db6420aff2e691891d25baa5_0.jpg"
"CZ1541","http://www.bigfish.uz.ua/sites/default/files/2014-02/14/fanatic_bite_alarm_set3.png"
"CZ0840","http://www.bigfish.uz.ua/sites/default/files/2014-02/10/stark_seat_box.png"
"CZ7856","http://www.bigfish.uz.ua/sites/default/files/2014-02/10/multicarp_tackle_box.png"
"CZ2578","http://www.bigfish.uz.ua/sites/default/files/2012-04/18/13_tn_cz2578.jpg"
"CZ2592","http://www.bigfish.uz.ua/sites/default/files/2012-04/18/12_tn_cz25921.jpg"
"CZ2585","http://www.bigfish.uz.ua/sites/default/files/2014-02/10/8comp.png"
"CZ2608","http://www.bigfish.uz.ua/sites/default/files/2014-02/10/rig_box.png"
"CZ2523","http://www.bigfish.uz.ua/sites/default/files/2014-02/10/Carp_box.png"
"CZ2523","http://www.bigfish.uz.ua/sites/default/files/2014-02/10/carp_doboz.JPG"
"CZ1082","http://www.bigfish.uz.ua/sites/default/files/2016-01/20/shider_1174_1150_1129_1105_szovegbe (2) — копия.jpg"
"CZ7467","http://www.bigfish.uz.ua/sites/default/files/2014-02/10/tackle_box2_1.png"
"CZ7849","http://www.bigfish.uz.ua/sites/default/files/2014-02/10/tackle_box2_0.png"
"cz0445","http://www.bigfish.uz.ua/sites/default/files/2013-03/21/CZ0445_wm.jpg"
"cz0452","http://www.bigfish.uz.ua/sites/default/files/2013-03/21/cz0452_wm.jpg"
"cz0469","http://www.bigfish.uz.ua/sites/default/files/2013-03/21/CZ0469_wm.jpg"
"CZ3460","http://www.bigfish.uz.ua/sites/default/files/2014-02/10/transparent_box_0.png"
"CZ3477","http://www.bigfish.uz.ua/sites/default/files/2014-02/10/transparent_box_1.png"
"CZ0772","http://www.bigfish.uz.ua/sites/default/files/2012-04/18/4_tn_cz07721.jpg"
"CZ0789","http://www.bigfish.uz.ua/sites/default/files/2012-04/18/3_tn_cz07891.jpg"
"CZ7832","http://www.bigfish.uz.ua/sites/default/files/2013-03/29/CZ7832.800x600w.jpg"
"CZ7481","http://www.bigfish.uz.ua/sites/default/files/2013-03/29/364_0.jpg"
"CZ8625","http://www.bigfish.uz.ua/sites/default/files/2015-04/22/masterfull (1)_2.png"
"CZ8625","http://www.bigfish.uz.ua/sites/default/files/2015-04/22/masterfull2_2.png"
"CZ8625","http://www.bigfish.uz.ua/sites/default/files/2015-04/22/masterfull3_2.png"
"CZ8625","http://www.bigfish.uz.ua/sites/default/files/2015-04/22/masterfull4_2.png"
"CZ1007","http://www.bigfish.uz.ua/sites/default/files/2016-01/21/marker.jpg"
"CZ1014","http://www.bigfish.uz.ua/sites/default/files/2016-01/21/1167.970.jpg"
"CZ2020","http://www.bigfish.uz.ua/sites/default/files/2015-09/15/szuku-rovarriaszto-krem.jpg"
"CZ2013","http://www.bigfish.uz.ua/sites/default/files/2015-09/15/S80803-001.jpg"
"CZ7740","http://www.bigfish.uz.ua/sites/default/files/2014-01/17/v_head_rod_rest.png"
"CZ7733","http://www.bigfish.uz.ua/sites/default/files/2012-04/18/8_tn_cz7733.jpg"
"CZ7726","http://www.bigfish.uz.ua/sites/default/files/2012-04/18/7_tn_cz7726.jpg"
"CZ1175","http://www.bigfish.uz.ua/sites/default/files/2014-01/17/anti_draw_rod_rest.png"
"CZ1205","http://www.bigfish.uz.ua/sites/default/files/2016-02/17/quick_release_adaptor.png"
"CZ3057","http://www.bigfish.uz.ua/sites/default/files/2014-02/06/BigFishWeighSling.png"
"CZ3064","http://www.bigfish.uz.ua/sites/default/files/2014-02/06/BigFishfloatingWeighSling.png"
"CZ3064","http://www.bigfish.uz.ua/sites/default/files/2014-02/06/BigFishfloatingWeighSling2.png"
"CZ3507","http://www.bigfish.uz.ua/sites/default/files/2014-02/06/massive_carp_sack.png"
"CZ3507","http://www.bigfish.uz.ua/sites/default/files/2014-02/06/massive_carp_sack2.png"
"CZ7719","http://www.bigfish.uz.ua/sites/default/files/2012-04/18/3_tn_cz7719.jpg"
"CZ3408","http://www.bigfish.uz.ua/sites/default/files/2014-02/10/elite3_rod_bag_0.png"
"CZ3408","http://www.bigfish.uz.ua/sites/default/files/2014-02/10/elite3_rod_bag2_0.png"
"CZ3897","http://www.bigfish.uz.ua/sites/default/files/2014-01/04/2_0_5.png"
"CZ3859","http://www.bigfish.uz.ua/sites/default/files/2014-01/04/2_0_1.png"
"CZ3643","http://www.bigfish.uz.ua/sites/default/files/2014-01/17/heavy_duty_scissors.png"
"CZ3569","http://www.bigfish.uz.ua/sites/default/files/2014-02/10/bait_belt_bag.png"
"CZ3569","http://www.bigfish.uz.ua/sites/default/files/2014-02/10/bait_belt_bag2.png"
"CZ1212","http://www.bigfish.uz.ua/sites/default/files/2012-04/18/2_tn_cz1212.jpg"
"CZ7962","http://www.bigfish.uz.ua/sites/default/files/2014-02/26/boilie_needle_set.png"
"CZ7962","http://www.bigfish.uz.ua/sites/default/files/2014-02/26/boilie_needle_set2.png"
"CZ2172","http://www.bigfish.uz.ua/sites/default/files/2014-01/17/stringer_needle.png"
"CZ2196","http://www.bigfish.uz.ua/sites/default/files/2014-01/17/boilie_splicing_needle.png"
"CZ2189","http://www.bigfish.uz.ua/sites/default/files/2014-01/17/fine_splicing_needle_thumb.png"
"CZ2202","http://www.bigfish.uz.ua/sites/default/files/2014-01/17/boilie_needle.png"
"CZ2219","http://www.bigfish.uz.ua/sites/default/files/2014-01/17/bolile_drill.png"
"CZ2090","http://www.bigfish.uz.ua/sites/default/files/2015-12/28/index.jpg"
"CZ2171","http://www.bigfish.uz.ua/sites/default/files/2015-12/28/cz1121_wm_2_0.jpg"
"CZ1901","http://www.bigfish.uz.ua/sites/default/files/2015-12/27/cz1901-175x175_0.jpg"
"CZ0122","http://www.bigfish.uz.ua/sites/default/files/2015-12/27/ файлы.jpg"
"CZ0139","http://www.bigfish.uz.ua/sites/default/files/2015-12/27/ файлы_0.jpg"
"CZ1475","http://www.bigfish.uz.ua/sites/default/files/2015-12/27/cz1475-175x175.jpg"
"CZ1482","http://www.bigfish.uz.ua/sites/default/files/2015-12/27/e2360f64e2882e5e74115dde58cc0a88.jpg"
"CZ1499","http://www.bigfish.uz.ua/sites/default/files/2015-12/27/e2360f64e2882e5e74115dde58cc0a88_0.jpg"
"CZ1468","http://www.bigfish.uz.ua/sites/default/files/2015-12/28/cz1468-700x600.jpg"
"CZ3439","http://www.bigfish.uz.ua/sites/default/files/2014-02/10/bait_dip_bag_0.png"
"CZ3439","http://www.bigfish.uz.ua/sites/default/files/2014-02/10/bait_dip_bag1.png"
"CZ2106","http://www.bigfish.uz.ua/sites/default/files/2015-12/28/index_0.jpg"
"CZ2113","http://www.bigfish.uz.ua/sites/default/files/2015-12/28/index_1.jpg"
"CZ8832","http://www.bigfish.uz.ua/sites/default/files/2014-02/26/pva_wide_mesh.png"
"CZ8849","http://www.bigfish.uz.ua/sites/default/files/2014-02/26/pva_wide_mesh_refill5m.png"
"CZ8863","http://www.bigfish.uz.ua/sites/default/files/2014-02/26/pva_narrow_mesh_5m.png"
"CZ8870","http://www.bigfish.uz.ua/sites/default/files/2014-02/26/pva_narrow_mesh_refill5m.png"
"CZ8986","http://www.bigfish.uz.ua/sites/default/files/2014-02/26/pva_string_strong.png"
"CZ8993","http://www.bigfish.uz.ua/sites/default/files/2014-02/26/pva_string_extra_strong.png"
"CZ8931","http://www.bigfish.uz.ua/sites/default/files/2014-02/26/pva_tube5m_0.png"
"CZ8948","http://www.bigfish.uz.ua/sites/default/files/2014-02/26/pva_tube5m.png"
"CZ3392","http://www.bigfish.uz.ua/sites/default/files/2014-02/10/elite3_rod_bag.png"
"CZ3392","http://www.bigfish.uz.ua/sites/default/files/2014-02/10/elite3_rod_bag2.png"
"CZ3378","http://www.bigfish.uz.ua/sites/default/files/2014-02/10/double_rod_stiff_bag.png"
"CZ8894","http://www.bigfish.uz.ua/sites/default/files/2014-02/26/pva_bags_0.png"
"CZ8900","http://www.bigfish.uz.ua/sites/default/files/2014-02/26/pva_bags.png"
"CZ8917","http://www.bigfish.uz.ua/sites/default/files/2014-02/26/pva_bullet_bag_0.png"
"CZ8924","http://www.bigfish.uz.ua/sites/default/files/2014-02/26/pva_bullet_bag.png"
"CZ8979","http://www.bigfish.uz.ua/sites/default/files/2014-02/26/pva_tape.png"
"CZ5951","http://www.bigfish.uz.ua/sites/default/files/2013-09/24/1tn_halibut_pellets.jpg"
"CZ5968","http://www.bigfish.uz.ua/sites/default/files/2013-09/24/1tn_halibut_pellets_0.jpg"
"CZ1120","http://www.bigfish.uz.ua/sites/default/files/2013-09/24/1tn_halibut_pellets_1.jpg"
"CZ1441","http://www.bigfish.uz.ua/sites/default/files/2012-04/19/4_tn_cz1441_lead_core_spool_with_label.jpg"
"CZ1458","http://www.bigfish.uz.ua/sites/default/files/2012-04/19/4_tn_cz1441_lead_core_spool_with_label_0.jpg"
"CZ1465","http://www.bigfish.uz.ua/sites/default/files/2012-04/19/4_tn_cz1441_lead_core_spool_with_label_1.jpg"
"CZ1502","http://www.bigfish.uz.ua/sites/default/files/2012-04/19/3_tn_cz1502.jpg"
"CZ1519","http://www.bigfish.uz.ua/sites/default/files/2012-04/19/3_tn_cz1502_0.jpg"
"CZ1533","http://www.bigfish.uz.ua/sites/default/files/2012-04/19/3_tn_cz1502_2.jpg"
"CZ1472","http://www.bigfish.uz.ua/sites/default/files/2012-04/19/2_tn_cz1472.jpg"
"CZ1489","http://www.bigfish.uz.ua/sites/default/files/2012-04/19/2_tn_cz1472_0.jpg"
"CZ1496","http://www.bigfish.uz.ua/sites/default/files/2012-04/19/2_tn_cz1472_1.jpg"
"CZ1632","http://www.bigfish.uz.ua/sites/default/files/2012-04/19/22_tn_cz1632_frame.jpg"
"CZ1649","http://www.bigfish.uz.ua/sites/default/files/2012-04/19/22_tn_cz1632_frame_0.jpg"
"CZ1694","http://www.bigfish.uz.ua/sites/default/files/2012-04/19/21_tn_cz1694one.jpg"
"CZ1700","http://www.bigfish.uz.ua/sites/default/files/2012-04/19/21_tn_cz1694one_0.jpg"
"CZ1731","http://www.bigfish.uz.ua/sites/default/files/2012-04/19/20_tn_cz1731.jpg"
"CZ1748","http://www.bigfish.uz.ua/sites/default/files/2012-04/19/20_tn_cz1731_0.jpg"
"CZ1656","http://www.bigfish.uz.ua/sites/default/files/2012-04/19/19_tn_cz1656_frame.jpg"
"CZ1663","http://www.bigfish.uz.ua/sites/default/files/2012-04/19/19_tn_cz1656_frame_0.jpg"
"CZ1670","http://www.bigfish.uz.ua/sites/default/files/2012-04/19/19_tn_cz1656_frame_1.jpg"
"CZ1687","http://www.bigfish.uz.ua/sites/default/files/2012-04/19/19_tn_cz1656_frame_2.jpg"
"CZ8771","http://www.bigfish.uz.ua/sites/default/files/2016-01/21/$_1 — копия.JPG"
"CZ8788","http://www.bigfish.uz.ua/sites/default/files/2016-01/21/$_1 — копия (2).JPG"
"CZ8795","http://www.bigfish.uz.ua/sites/default/files/2016-01/21/$_1.JPG"
"CZ8801","http://www.bigfish.uz.ua/sites/default/files/2012-04/19/17_tn_cz8801.jpg"
"CZ8818","http://www.bigfish.uz.ua/sites/default/files/2012-04/19/17_tn_cz8801_0.jpg"
"CZ8825","http://www.bigfish.uz.ua/sites/default/files/2012-04/19/17_tn_cz8801_1.jpg"
"CZ1717","http://www.bigfish.uz.ua/sites/default/files/2012-04/19/16_tn_cz1717.jpg"
"CZ1724","http://www.bigfish.uz.ua/sites/default/files/2012-04/19/16_tn_cz1717_0.jpg"
"CZ1816","http://www.bigfish.uz.ua/sites/default/files/2016-01/21/elastique-a-appats-carpe-mack2-bait-bands-81871-a_0.jpg"
"CZ1816","http://www.bigfish.uz.ua/sites/default/files/2016-01/21/pellet-bands-clear-jr210c_large_0.jpg"
"CZ1823","http://www.bigfish.uz.ua/sites/default/files/2016-01/21/elastique-a-appats-carpe-mack2-bait-bands-81871-a.jpg"
"CZ1823","http://www.bigfish.uz.ua/sites/default/files/2016-01/21/pellet-bands-clear-jr210c_large.jpg"
"CZ1779","http://www.bigfish.uz.ua/sites/default/files/2012-04/19/14_tn_cz1779.jpg"
"CZ1786","http://www.bigfish.uz.ua/sites/default/files/2012-04/19/14_tn_cz1779_0.jpg"
"CZ1793","http://www.bigfish.uz.ua/sites/default/files/2012-04/19/14_tn_cz1779_1.jpg"
"CZ1809","http://www.bigfish.uz.ua/sites/default/files/2012-04/19/14_tn_cz1779_2.jpg"
"CZ1861","http://www.bigfish.uz.ua/sites/default/files/2014-01/23/safety_lead_clips.png"
"CZ1878","http://www.bigfish.uz.ua/sites/default/files/2014-01/23/safety_lead_clips_0.png"
"CZ1830","http://www.bigfish.uz.ua/sites/default/files/2014-01/23/back_lead_clips_locktube.png"
"CZ7795","http://www.bigfish.uz.ua/sites/default/files/2014-01/23/gated_safety_lead_clip.png"
"CZ1885","http://www.bigfish.uz.ua/sites/default/files/2014-01/23/safety_lead_clips_pin_0.png"
"CZ1892","http://www.bigfish.uz.ua/sites/default/files/2014-01/23/safety_lead_clips_pin.png"
"CZ1908","http://www.bigfish.uz.ua/sites/default/files/2014-01/17/heavy_duty_lead_clips_0.png"
"CZ1915","http://www.bigfish.uz.ua/sites/default/files/2014-01/17/heavy_duty_lead_clips.png"
"CZ1755","http://www.bigfish.uz.ua/sites/default/files/2012-04/19/8_tn_cz1755.jpg"
"CZ1762","http://www.bigfish.uz.ua/sites/default/files/2012-04/19/7_tn_cz1762.jpg"
"CZ4825","http://www.bigfish.uz.ua/sites/default/files/2014-01/20/cz1121_wm_2_0.jpg"
"CZ0672","http://www.bigfish.uz.ua/sites/default/files/2015-11/08/DSC_27431.png"
"CZ0672","http://www.bigfish.uz.ua/sites/default/files/2015-11/08/DSC_27411.png"
"CZ0672","http://www.bigfish.uz.ua/sites/default/files/2015-11/08/DSC_27461.png"
"CZ0672","http://www.bigfish.uz.ua/sites/default/files/2015-11/08/DSC_27531.png"
"CZ0672","http://www.bigfish.uz.ua/sites/default/files/2015-11/08/adat.png"
"CZ1922","http://www.bigfish.uz.ua/sites/default/files/2012-04/19/5_tn_cz1922.jpg"
"CZ1939","http://www.bigfish.uz.ua/sites/default/files/2012-04/19/5_tn_cz1922_0.jpg"
"CZ2110","http://www.bigfish.uz.ua/sites/default/files/2012-04/19/4_tn_cz2110.jpg"
"CZ2127","http://www.bigfish.uz.ua/sites/default/files/2012-04/19/4_tn_cz2110_0.jpg"
"CZ1946","http://www.bigfish.uz.ua/sites/default/files/2012-04/19/3_tn_cz1946.jpg"
"CZ1953","http://www.bigfish.uz.ua/sites/default/files/2012-04/19/3_tn_cz1946_0.jpg"
"CZ2059","http://www.bigfish.uz.ua/sites/default/files/2012-04/19/2_tn_cz2059.jpg"
"CZ2066","http://www.bigfish.uz.ua/sites/default/files/2012-04/19/2_tn_cz2059_0.jpg"
"CZ2073","http://www.bigfish.uz.ua/sites/default/files/2012-04/19/2_tn_cz2059_1.jpg"
"CZ2080","http://www.bigfish.uz.ua/sites/default/files/2012-04/19/2_tn_cz2059_2.jpg"
"CZ2097","http://www.bigfish.uz.ua/sites/default/files/2012-04/19/2_tn_cz2059_3.jpg"
"CZ2103","http://www.bigfish.uz.ua/sites/default/files/2012-04/19/2_tn_cz2059_4.jpg"
"CZ2134","http://www.bigfish.uz.ua/sites/default/files/2012-04/19/1_tn_cz2134.jpg"
"CZ2141","http://www.bigfish.uz.ua/sites/default/files/2012-04/19/1_tn_cz2134_0.jpg"
"CZ2144","http://www.bigfish.uz.ua/sites/default/files/2015-12/28/index_4.jpg"
"CZ2165","http://www.bigfish.uz.ua/sites/default/files/2012-04/19/1_tn_cz2134_2.jpg"
"CZ7801","http://www.bigfish.uz.ua/sites/default/files/2014-02/18/drig_hook_1.png"
"CZ7818","http://www.bigfish.uz.ua/sites/default/files/2014-02/18/drig_hook_0.png"
"CZ7825","http://www.bigfish.uz.ua/sites/default/files/2014-02/18/drig_hook.png"
"CZ1601","http://www.bigfish.uz.ua/sites/default/files/2014-02/18/tefcon_gripper_hook_1.png"
"CZ1618","http://www.bigfish.uz.ua/sites/default/files/2014-02/18/tefcon_gripper_hook_0.png"
"CZ1625","http://www.bigfish.uz.ua/sites/default/files/2014-02/18/tefcon_gripper_hook.png"
"CZ1540","http://www.bigfish.uz.ua/sites/default/files/2014-02/18/tefcon_anti_snag_hook_0.png"
"CZ1557","http://www.bigfish.uz.ua/sites/default/files/2014-02/18/tefcon_anti_snag_hook.png"
"CZ1564","http://www.bigfish.uz.ua/sites/default/files/2014-02/18/tefcon_anti_snag_hook_2.png"
"CZ1571","http://www.bigfish.uz.ua/sites/default/files/2014-02/18/tefcon_classic_boilie_hook_1.png"
"CZ1588","http://www.bigfish.uz.ua/sites/default/files/2014-02/18/tefcon_classic_boilie_hook.png"
"CZ1595","http://www.bigfish.uz.ua/sites/default/files/2014-02/18/tefcon_classic_boilie_hook_0.png"
"CZ5944","http://www.bigfish.uz.ua/sites/default/files/2013-05/01/amur_artificial_corn_blister-011_wm.jpg"
"CZ1984","http://www.bigfish.uz.ua/sites/default/files/2012-04/19/7_tn_cz1984.jpg"
"CZ1991","http://www.bigfish.uz.ua/sites/default/files/2012-04/19/7_tn_cz1984_0.jpg"
"CZ2042","http://www.bigfish.uz.ua/sites/default/files/2012-04/19/6_tn_cz2042.jpg"
"CZ2004","http://www.bigfish.uz.ua/sites/default/files/2012-04/19/5_tn_cz2004.jpg"
"CZ2028","http://www.bigfish.uz.ua/sites/default/files/2012-04/19/4_tn_cz2028.jpg"
"CZ1960","http://www.bigfish.uz.ua/sites/default/files/2012-04/19/3_tn_cz1960.jpg"
"CZ1977","http://www.bigfish.uz.ua/sites/default/files/2012-04/19/3_tn_cz1960_0.jpg"
"CZ2011","http://www.bigfish.uz.ua/sites/default/files/2012-04/19/2_tn_cz2011.jpg"
"CZ2035","http://www.bigfish.uz.ua/sites/default/files/2012-04/19/1_tn_cz2035.jpg"
"CZ2912","http://www.bigfish.uz.ua/sites/default/files/2012-04/19/4_tn_carp_line.jpg"
"CZ2929","http://www.bigfish.uz.ua/sites/default/files/2012-04/19/4_tn_carp_line_0.jpg"
"CZ2936","http://www.bigfish.uz.ua/sites/default/files/2012-04/19/4_tn_carp_line_1.jpg"
"CZ2943","http://www.bigfish.uz.ua/sites/default/files/2012-04/19/4_tn_carp_line_2.jpg"
"CZ2950","http://www.bigfish.uz.ua/sites/default/files/2012-04/19/4_tn_carp_line_3.jpg"
"CZ2967","http://www.bigfish.uz.ua/sites/default/files/2012-04/19/4_tn_carp_line_4.jpg"
"CZ2974","http://www.bigfish.uz.ua/sites/default/files/2012-04/19/4_tn_carp_line_5.jpg"
"CZ2981","http://www.bigfish.uz.ua/sites/default/files/2012-04/19/4_tn_carp_line_6.jpg"
"CZ2998","http://www.bigfish.uz.ua/sites/default/files/2012-04/19/3_tn_carp_line_fluo.jpg"
"CZ3001","http://www.bigfish.uz.ua/sites/default/files/2012-04/19/3_tn_carp_line_fluo_0.jpg"
"CZ3018","http://www.bigfish.uz.ua/sites/default/files/2012-04/19/3_tn_carp_line_fluo_1.jpg"
"CZ3025","http://www.bigfish.uz.ua/sites/default/files/2012-04/19/3_tn_carp_line_fluo_2.jpg"
"CZ3032","http://www.bigfish.uz.ua/sites/default/files/2012-04/19/3_tn_carp_line_fluo_3.jpg"
"CZ3049","http://www.bigfish.uz.ua/sites/default/files/2012-04/19/3_tn_carp_line_fluo_4.jpg"
"CZ9981","http://www.bigfish.uz.ua/sites/default/files/2015-05/27/bait_bucket_2.png"
"CZ8472","http://www.bigfish.uz.ua/sites/default/files/2015-05/27/_vyrn_18228472_8489.jpg"
"CZ8489","http://www.bigfish.uz.ua/sites/default/files/2015-05/27/_vyrn_18228472_8489_0.jpg"
"CZ2868","http://www.bigfish.uz.ua/sites/default/files/2012-04/19/1_tn_feeder_line.jpg"
"CZ2875","http://www.bigfish.uz.ua/sites/default/files/2012-04/19/1_tn_feeder_line_0.jpg"
"CZ2882","http://www.bigfish.uz.ua/sites/default/files/2012-04/19/1_tn_feeder_line_1.jpg"
"CZ2899","http://www.bigfish.uz.ua/sites/default/files/2012-04/19/1_tn_feeder_line_2.jpg"
"CZ2905","http://www.bigfish.uz.ua/sites/default/files/2012-04/19/1_tn_feeder_line_3.jpg"
"CZ3209","http://www.bigfish.uz.ua/sites/default/files/2012-04/19/10_tn_joging2_x.jpg"
"CZ3216","http://www.bigfish.uz.ua/sites/default/files/2012-04/19/10_tn_joging2_x_0.jpg"
"CZ0344","http://www.bigfish.uz.ua/sites/default/files/2015-12/14/Black_Ghost_BBC-175x175_2.jpg"
"CZ3230","http://www.bigfish.uz.ua/sites/default/files/2012-04/19/10_tn_joging2_x_2.jpg"
"CZ3247","http://www.bigfish.uz.ua/sites/default/files/2012-04/19/10_tn_joging2_x_3.jpg"
"CZ3155","http://www.bigfish.uz.ua/sites/default/files/2012-04/19/9_tn_joging1_x.jpg"
"CZ3162","http://www.bigfish.uz.ua/sites/default/files/2012-04/19/9_tn_joging1_x_0.jpg"
"CZ3179","http://www.bigfish.uz.ua/sites/default/files/2012-04/19/9_tn_joging1_x_1.jpg"
"CZ3186","http://www.bigfish.uz.ua/sites/default/files/2012-04/19/9_tn_joging1_x_2.jpg"
"CZ3193","http://www.bigfish.uz.ua/sites/default/files/2012-04/19/9_tn_joging1_x_3.jpg"
"CZ3261","http://www.bigfish.uz.ua/sites/default/files/2016-01/21/ файлы_8.jpg"
"CZ3117","http://www.bigfish.uz.ua/sites/default/files/2013-09/26/termo-kostym_carp_zoom_thermo_suit-700x700_2.jpg"
"CZ3124","http://www.bigfish.uz.ua/sites/default/files/2013-09/26/termo-kostym_carp_zoom_thermo_suit-700x700_1.jpg"
"CZ3131","http://www.bigfish.uz.ua/sites/default/files/2013-09/26/termo-kostym_carp_zoom_thermo_suit-700x700_0.jpg"
"CZ3148","http://www.bigfish.uz.ua/sites/default/files/2013-09/26/termo-kostym_carp_zoom_thermo_suit-700x700.jpg"
"CZ1174","http://www.bigfish.uz.ua/sites/default/files/2016-01/20/shider_1174_1150_1129_1105_szovegbe (1) — копия_0.jpg"
"CZ2319","http://www.bigfish.uz.ua/sites/default/files/2015-11/10/6_tn_bakancs_1_0.jpg"
"CZ2326","http://www.bigfish.uz.ua/sites/default/files/2015-11/10/6_tn_bakancs_1.jpg"
"CZ/SHIRT2 M","http://www.bigfish.uz.ua/sites/default/files/2012-04/19/5_tn_cz_polo_halas.jpg"
"CZ/SHIRT2 L","http://www.bigfish.uz.ua/sites/default/files/2012-04/19/5_tn_cz_polo_halas_0.jpg"
"CZ/SHIRT2 XL","http://www.bigfish.uz.ua/sites/default/files/2012-04/19/5_tn_cz_polo_halas_1.jpg"
"CZ/SHIRT2 XXL","http://www.bigfish.uz.ua/sites/default/files/2012-04/19/5_tn_cz_polo_halas_2.jpg"
"CZ8038","http://www.bigfish.uz.ua/sites/default/files/2015-05/27/_vyrn_18248038_8045_2.jpg"
"CZ0337","http://www.bigfish.uz.ua/sites/default/files/2015-12/14/Black_Ghost_BBC-175x175_1.jpg"
"CZ0320","http://www.bigfish.uz.ua/sites/default/files/2015-12/14/Black_Ghost_BBC-175x175_0.jpg"
"E-D-104","http://www.bigfish.uz.ua/sites/default/files/2012-04/19/2_tn_dinsmores_soft_lead_shots.jpg"
"E-D-105","http://www.bigfish.uz.ua/sites/default/files/2012-04/19/2_tn_dinsmores_soft_lead_shots_0.jpg"
"E-D-106","http://www.bigfish.uz.ua/sites/default/files/2013-03/19/dinsmores_soft_lead_shots_6comp_round_split_wm.jpg"
"E-D-107","http://www.bigfish.uz.ua/sites/default/files/2013-03/19/dinsmores_soft_lead_shots_7_comp_square_split_wm.jpg"
"E-D-SF1","http://www.bigfish.uz.ua/sites/default/files/2014-01/23/dins_feeder_scoop1 — копия.png"
"E-D-SF1","http://www.bigfish.uz.ua/sites/default/files/2014-01/23/dins_feeder_scoop2_1.png"
"E-D-SF2","http://www.bigfish.uz.ua/sites/default/files/2014-01/23/dins_feeder_scoop1 — копия (2).png"
"E-D-SF2","http://www.bigfish.uz.ua/sites/default/files/2014-01/23/dins_feeder_scoop2_0.png"
"E-D-SF3","http://www.bigfish.uz.ua/sites/default/files/2014-01/23/dins_feeder_scoop1.png"
"E-D-SF3","http://www.bigfish.uz.ua/sites/default/files/2014-01/23/dins_feeder_scoop2.png"
"CZ1338","http://www.bigfish.uz.ua/sites/default/files/2013-05/21/20545443_1_644x461_12-uveg-sweet-anglers-maize-kukorica-225ml125gr-318ft-uveg-x-kerulet_4.jpg"
"CZ1352","http://www.bigfish.uz.ua/sites/default/files/2013-05/21/20545443_1_644x461_12-uveg-sweet-anglers-maize-kukorica-225ml125gr-318ft-uveg-x-kerulet_3.jpg"
"CZ1376","http://www.bigfish.uz.ua/sites/default/files/2013-05/21/20545443_1_644x461_12-uveg-sweet-anglers-maize-kukorica-225ml125gr-318ft-uveg-x-kerulet_2.jpg"
"CZ4469","http://www.bigfish.uz.ua/sites/default/files/2013-05/21/20545443_1_644x461_12-uveg-sweet-anglers-maize-kukorica-225ml125gr-318ft-uveg-x-kerulet_1.jpg"
"CZ7149","http://www.bigfish.uz.ua/sites/default/files/2013-05/21/20545443_1_644x461_12-uveg-sweet-anglers-maize-kukorica-225ml125gr-318ft-uveg-x-kerulet_0.jpg"
"CZ7156","http://www.bigfish.uz.ua/sites/default/files/2013-05/21/20545443_1_644x461_12-uveg-sweet-anglers-maize-kukorica-225ml125gr-318ft-uveg-x-kerulet.jpg"
"CZ9379","http://www.bigfish.uz.ua/sites/default/files/2012-04/20/10.jpg"
"CZ1277","http://www.bigfish.uz.ua/sites/default/files/2012-04/20/14.jpg"
"CZ1291","http://www.bigfish.uz.ua/sites/default/files/2012-04/20/15.jpg"
"CZ2005","http://www.bigfish.uz.ua/sites/default/files/2014-02/06/keepnet_arm.png"
"CZ3844","http://www.bigfish.uz.ua/sites/default/files/2012-04/20/13.jpg"
"CZ2083","http://www.bigfish.uz.ua/sites/default/files/2015-12/28/cz2045-175x175_3.jpg"
"CZ7163","http://www.bigfish.uz.ua/sites/default/files/2012-04/20/9.jpg"
"CZ9386","http://www.bigfish.uz.ua/sites/default/files/2012-04/20/17.jpg"
"CZ2335","http://www.bigfish.uz.ua/sites/default/files/2012-04/20/19.jpg"
"CZ2342","http://www.bigfish.uz.ua/sites/default/files/2012-04/20/16.jpg"
"CZ2359","http://www.bigfish.uz.ua/sites/default/files/2012-04/20/18.jpg"
"CZ3219","http://www.bigfish.uz.ua/sites/default/files/2012-04/20/24.jpg"
"CZ8587","http://www.bigfish.uz.ua/sites/default/files/2012-04/20/22.jpg"
"CZ8594","http://www.bigfish.uz.ua/sites/default/files/2012-04/20/23.jpg"
"CZ8600","http://www.bigfish.uz.ua/sites/default/files/2012-04/20/25.jpg"
"CZ3196","http://www.bigfish.uz.ua/sites/default/files/2012-04/20/29.jpg"
"CZ3226","http://www.bigfish.uz.ua/sites/default/files/2012-04/20/30.jpg"
"CZ3233","http://www.bigfish.uz.ua/sites/default/files/2012-04/20/26.jpg"
"CZ7187","http://www.bigfish.uz.ua/sites/default/files/2012-04/20/27.jpg"
"CZ3264","http://www.bigfish.uz.ua/sites/default/files/2012-04/20/24_0.jpg"
"CZ8617","http://www.bigfish.uz.ua/sites/default/files/2012-04/20/22_0.jpg"
"CZ8624","http://www.bigfish.uz.ua/sites/default/files/2012-04/20/23_0.jpg"
"CZ3202","http://www.bigfish.uz.ua/sites/default/files/2012-04/20/28.jpg"
"CZ3240","http://www.bigfish.uz.ua/sites/default/files/2012-04/20/27_0.jpg"
"CZ3257","http://www.bigfish.uz.ua/sites/default/files/2012-04/20/28_0.jpg"
"CZ3288","http://www.bigfish.uz.ua/sites/default/files/2012-04/20/26_0.jpg"
"CZ7194","http://www.bigfish.uz.ua/sites/default/files/2012-04/20/29_0.jpg"
"CZ7276","http://www.bigfish.uz.ua/sites/default/files/2012-04/20/24_1.jpg"
"CZ7283","http://www.bigfish.uz.ua/sites/default/files/2012-04/20/22_1.jpg"
"CZ7290","http://www.bigfish.uz.ua/sites/default/files/2012-04/20/23_1.jpg"
"CZ7306","http://www.bigfish.uz.ua/sites/default/files/2012-04/20/29_1.jpg"
"CZ7313","http://www.bigfish.uz.ua/sites/default/files/2012-04/20/28_1.jpg"
"CZ7320","http://www.bigfish.uz.ua/sites/default/files/2012-04/20/30_1.jpg"
"CZ7337","http://www.bigfish.uz.ua/sites/default/files/2012-04/20/26_1.jpg"
"CZ7344","http://www.bigfish.uz.ua/sites/default/files/2012-04/20/27_1.jpg"
"CZ0924","http://www.bigfish.uz.ua/sites/default/files/2016-01/20/shad2_0900_0917_0924_0931 — копия.jpg"
"CZ0931","http://www.bigfish.uz.ua/sites/default/files/2016-01/11/shad2_0900_0917_0924_0931.jpg"
"CZ0832","http://www.bigfish.uz.ua/sites/default/files/2016-01/20/asp_shad2_szovegbe — копия.jpg"
"CZ0849","http://www.bigfish.uz.ua/sites/default/files/2016-01/11/asp_shad2_szovegbe.jpg"
"CZ0856","http://www.bigfish.uz.ua/sites/default/files/2016-01/20/asp_shad2_szovegbe — копия (2).jpg"
"CZ1242","http://www.bigfish.uz.ua/sites/default/files/2016-01/11/1242.jpg"
"CZ1259","http://www.bigfish.uz.ua/sites/default/files/2016-01/11/1259.jpg"
"CZ1266","http://www.bigfish.uz.ua/sites/default/files/2016-01/11/1266.jpg"
"CZ1273","http://www.bigfish.uz.ua/sites/default/files/2016-01/11/1273_003.jpg"
"CZ1280","http://www.bigfish.uz.ua/sites/default/files/2016-01/11/1280_02.jpg"
"CZ5787","http://www.bigfish.uz.ua/sites/default/files/2012-04/20/36.jpg"
"CZ5794","http://www.bigfish.uz.ua/sites/default/files/2012-04/20/37_0.jpg"
"CZ5800","http://www.bigfish.uz.ua/sites/default/files/2012-04/20/38.jpg"
"CZ5817","http://www.bigfish.uz.ua/sites/default/files/2012-04/20/36_0.jpg"
"CZ5824","http://www.bigfish.uz.ua/sites/default/files/2012-04/20/37.jpg"
"CZ5831","http://www.bigfish.uz.ua/sites/default/files/2012-04/20/38_0.jpg"
"CZ7826","http://www.bigfish.uz.ua/sites/default/files/2015-05/27/bite_alarm_fsi.png"
"CZ8410","http://www.bigfish.uz.ua/sites/default/files/2015-05/27/big_catch_landing_net.png"
"CZ8410","http://www.bigfish.uz.ua/sites/default/files/2015-05/27/big_catch_landing_net2.png"
"CZ8410","http://www.bigfish.uz.ua/sites/default/files/2015-05/27/big_catch_landing_net3.png"
"CZ8410","http://www.bigfish.uz.ua/sites/default/files/2015-05/27/big_catch_landing_net4.png"
"CZ0917","http://www.bigfish.uz.ua/sites/default/files/2016-01/20/shad2_0900_0917_0924_0931 — копия (3).jpg"
"CZ8860","http://www.bigfish.uz.ua/sites/default/files/2014-01/16/feeder_zoom21_1.png"
"CZ8860","http://www.bigfish.uz.ua/sites/default/files/2014-01/16/feeder_zoom3_1.jpg"
"CZ8877","http://www.bigfish.uz.ua/sites/default/files/2014-01/16/feeder_zoom21_0.png"