Услуги<(00002)>;;;;
    01. Catfish Jumbo Pellet (Пеллетс для сома)<(01472)>;;;;
        Predator-Z Catfish Jumbo Pellet, 30mm, 850g, bloody halibut  (Кровь-Палтус);;CZ0339;3,60 EUR;шт
        Predator-Z Catfish Jumbo Pellet, 30mm, 850g, liver-garlic (Печень-Чеснок);;CZ0377;3,60 EUR;шт
        Predator-Z Catfish Jumbo Pellet, 40mm, 850g, bloody halibut  (Кровь-Палтус);;CZ0346;3,60 EUR;шт
        Predator-Z Catfish Jumbo Pellet, 40mm, 850g, liver-garlic (Печень-Чеснок);;CZ0384;3,60 EUR;шт
        Predator-Z Catfish Jumbo Pellet, 50mm, 850g, bloody halibut  (Кровь-Палтус);;CZ0353;3,60 EUR;шт
        Predator-Z Catfish Jumbo Pellet, 50mm, 850g, liver-garlic (Печень-Чеснок);;CZ0391;3,60 EUR;шт
        Predator-Z Catfish Jumbo Pellet, 60mm, 800g, bloody halibut  (Кровь-Палтус);;CZ0360;3,60 EUR;шт
        Predator-Z Catfish Jumbo Pellet, 60mm, 800g, liver-garlic (Печень-Чеснок);;CZ0407;3,60 EUR;шт
    13. Weigh Slings<(02072)>;;;;
        BIG CARP Weigh Sling with zip (Мешок для взвешивания на молнии, размер:111x38x40см.);;CZ0963;11,18 EUR;шт
        Elite Carpsack (Элитный карповый мешок, размер:123x81см.);;CZ0994;12,20 EUR;шт
    15. Method Mix (Методная прикормка)<(00019)>;;;;
        Method Mix, Strawberry-Fish, 1 kg (клубника-рыба);;CZ7439;1,76 EUR;шт
        Method Mix, Sweet Spicy Carp, 1 kg  (сладкие специи);;CZ7446;1,76 EUR;шт
        Method Mix, Tigernut-Chococaramel, 1 kg (тигровый орех-шоколад);;CZ7453;1,76 EUR;шт
    18. Carp Fanatic - All inclusive - Feeder groundbaits (Фидерная прикормка)<(00017)>;;;;
        CZ Carp Fanatic Feeder groundbait, 1kg, corn (кукуруза);;CZ1466;1,59 EUR;шт
        CZ Carp Fanatic Feeder groundbait, 1kg, fish-halibut (рыба-палтус);;CZ1480;1,59 EUR;шт
        CZ Carp Fanatic Feeder groundbait, 1kg, honey (медовая);;CZ5890;1,59 EUR;шт
        CZ Carp Fanatic Feeder groundbait, 1kg, plum (слива);;CZ1473;1,59 EUR;шт
        CZ Carp Fanatic Feeder groundbait, 1kg, strawberry (клубничная);;CZ5876;1,59 EUR;шт
        CZ Carp Fanatic Feeder groundbait, 1kg, vanilla (ванильная);;CZ5883;1,59 EUR;шт
    6. Accessories<(01892)>;;;;
        CZ Feeder Competition fishing line, 250м, 0,15mm (Леска фидерная для соревнований);;CZ5327;1,88 EUR;шт
        CZ Feeder Competition fishing line, 250м, 0,17mm (Леска фидерная для соревнований);;CZ5334;1,88 EUR;шт
        CZ Feeder Competition fishing line, 250м, 0,19mm (Леска фидерная для соревнований);;CZ5341;1,88 EUR;шт
        CZ Feeder Competition fishing line, 250м, 0,21mm (Леска фидерная для соревнований);;CZ5358;1,88 EUR;шт
        CZ Feeder Competition fishing line, 250м, 0,23mm (Леска фидерная для соревнований);;CZ5365;1,88 EUR;шт
        CZ Feeder Competition fishing line, 250м, 0,25mm (Леска фидерная для соревнований);;CZ5372;1,88 EUR;шт
    903. Fanatic Mega Feeder & Fanatic Analizator set<(00631)>;;;;
        Fanatic Analizator set (Набор Фанатик,Набор содержит: • Заборная голова-емкость (?89x245мм.)• 4шт. ручки (6 метров-общая длина)• Диаметр тестирующего диска (?69мм.)                         Изготовлена из прочного алюминиевого сплава;;CZ5198;111,00 EUR;шт
        Fanatic MegaFeeder (Фанатик Мега Фидер,размеры: ?89x455mm)  Изготовлена из прочного алюминиевого сплава);;CZ5457;59,93 EUR;шт
        Fanatic SFF Tool System Camera Holder  (Крепление для подводной камеры, крепиться на Analizator);;CZ7666;9,68 EUR;шт
        Fanatic SFF Tool System Hook (Крюк для притягивания лодки до сложных мест, крепиться на Analizator);;CZ7802;14,93 EUR;шт
        Fanatic SFF Tool System Stabbing Tip (Якорь для удержания лодки на глубине 6 метров, крепиться на Analizator);;CZ7697;7,43 EUR;шт
    904. Sweet Corn (Резанная кукуруза)<(00008)>;;;;
        Sweet Corn, 150g, honey (медовая);;CZ0512;0,79 EUR;шт
        Sweet Corn, 150g, natural (натуральная);;CZ0499;0,79 EUR;шт
        Sweet Corn, 150g, strawberry (клубничная);;CZ0505;0,79 EUR;шт
        Sweet Corn, 150g, vanilla  (ванильная);;CZ0529;0,79 EUR;шт
    908. TTX & PV1 & Crumbs (Добавки к прикормкам)<(00015)>;;;;
        CZ Biscuit, 1kg, choco (бисквитная крошка,печенье- шоколад);;CZ1503;1,27 EUR;шт
        CZ Biscuit, 1kg, original (бисквитная крошка,печенье- оригинал);;CZ1497;1,27 EUR;шт
        CZ Biscuit, 1kg, vanilla  (бисквитная крошка,печенье- ваниль);;CZ1510;1,27 EUR;шт
    978. Powder Dip (Порошковый дип)<(00071)>;;;;
        Powder Dip, Fish-Meat e85 g (рыба-мясо);;CZ7767;3,19 EUR;шт
        Powder Dip, Mussel e85 g  (ракушка,мидия);;CZ7750;3,19 EUR;шт
        Powder Dip, Pineapple e85 g  (ананас);;CZ7798;3,19 EUR;шт
        Powder Dip, Sweet Corn e85 g (сладкая кукуруза);;CZ7774;3,19 EUR;шт
    980. Flexi Corn Mini & Midi (Плавающая резиновая кукуруза)<(00072)>;;;;
        Flexi Corn Midi, honey (средняя,мед);;CZ9652;1,20 EUR;шт
        Flexi Corn Midi, vanilla (средняя,ваниль);;CZ9683;1,20 EUR;шт
        Flexi Corn Mini, honey (мед);;CZ9614;1,20 EUR;шт
        Flexi Corn Mini, vanilla (ваниль);;CZ9645;1,20 EUR;шт
    981. Maggo Flex (Плавающие Резиновые Опарыши)<(01628)>;;;;
        Maggo Flex, natural (белый);85,000;CZ3073;0,79 EUR;шт
        Maggo Flex, red (красный);;CZ3066;0,79 EUR;шт
    Услуги<(00002)>;;;;
        Alu throwing stick 22mm (КОБРА - БОЙЛОВАЯ ЗАБРАСЫВАЮЩАЯ ТРУБКА);;CZ0796;8,78 EUR;шт
        Alu throwing stick 25mm (КОБРА - БОЙЛОВАЯ ЗАБРАСЫВАЮЩАЯ ТРУБКА);;CZ0802;10,43 EUR;шт
        Amino Dip, blood worm 100 ml (145g)  (личинка комара);;CZ5244;2,00 EUR;шт
        Amino Dip, GLM 100 ml (145g) (зеленогубая ракушка,мидия);;CZ5190;2,00 EUR;шт
        Amino Dip, scopex 100 ml (145g) (скопекс);;CZ5237;2,00 EUR;шт
        Amino Dip, spicy frankfurter sausage 100 ml (145g)  (Франкфуртская колбаса со специями);;CZ5220;2,00 EUR;шт
        Amino Dip, squid - octopus 100 ml (145g) (кальмар-осьминог);;CZ5206;1,59 EUR;шт
        Anti-tangle 58 mm (20 pcs) brown (ПРОТИВОЗАКРУЧИВАТЕЛЬ, КОРИЧНЕВЫЙ);;CZ1847;2,18 EUR;шт
        Anti-tangle 58 mm (20 pcs) green  (ПРОТИВОЗАКРУЧИВАТЕЛЬ, ЗЕЛЕНЫЙ);;CZ1854;2,18 EUR;шт
        Attractor Spray, Catfish 50 ml    (сом);10,000;CZ7668;1,43 EUR;шт
        Attractor Spray, Pike 50 ml    (щука);6,000;CZ7651;1,43 EUR;шт
        Bait bander   (Окольцовывать наживки);;CZ1199;1,43 EUR;шт
        Big Catch Boilies, 800g 18mm CSL  (кукурузные рыльца-ликер);;CZ7415;4,24 EUR;шт
        Big Catch Groundbaits, Big Carp-Red, 1 kg (для карпов, красная);;CZ3110;1,43 EUR;шт
        Big Catch Groundbaits, Crucian-Carp, 1 kg (карась, карп);;CZ8563;1,43 EUR;шт
        Big Catch Groundbaits, River-Cheese, 1 kg (проточная вода, сырный);;CZ3158;1,43 EUR;шт
        Big Catch Groundbaits, Strawberry-Fish, 1 kg (клубника-рыба);;CZ3127;1,43 EUR;шт
        Big Catch Groundbaits, Sweet Corn-Tigernuts,1 kg (кукуруза-тигровый орех);;CZ7217;1,43 EUR;шт
        Big Catch Groundbaits, Winter Fish, 1 kg  (холодная вода,зимняя рибалка);;CZ8570;1,43 EUR;шт
        Bivvy Table (56x31cm)  (Монтажний столик, Размер: 56х31см);;CZ0765;20,93 EUR;шт
        Bloody Halibut Hook Pellets, 12 mm, pre-drilled, 150g (кровь-палтус, пеллетс насадочный - перфорированный);;CZ4902;1,11 EUR;шт
        Bloody Halibut Hook Pellets, 16 mm, pre-drilled 150g  (кровь-палтус, пеллетс насадочный - перфорированный);;CZ4919;1,11 EUR;шт
        Boilies by Carp Zoom 16 mm, crab 800 g (рак);;CZ2571;3,19 EUR;шт
        Boilies by Carp Zoom 16 mm, honey 800 g (мед);;CZ4650;3,19 EUR;шт
        Boilies by Carp Zoom 16 mm, liver 800 g (печень);;CZ4597;3,19 EUR;шт
        Boilies by Carp Zoom 16 mm, mussel 800 g (мидии);;CZ4681;3,19 EUR;шт
        Boilies by Carp Zoom 16 mm, plum 800 g (слива);;CZ4610;3,19 EUR;шт
        Boilies by Carp Zoom 16 mm, scopex 800 g (скопекс);;CZ2601;3,19 EUR;шт
        Boilies by Carp Zoom 16 mm, sweet corn 800 g (сладкая кукруза);;CZ7309;3,19 EUR;шт
        Boilies by Carp Zoom 20 mm, crab 800 g  (рак);;CZ2625;3,19 EUR;шт
        Boilies by Carp Zoom 20 mm, fish 800 g  (рыба);;CZ4711;3,19 EUR;шт
        Boilies by Carp Zoom 20 mm, honey 800 g  (мед);;CZ4698;3,19 EUR;шт
        Boilies by Carp Zoom 20 mm, mussel 800 g  (мидии);;CZ4728;3,19 EUR;шт
        Boilies by Carp Zoom 20 mm, pineapple 800 g  (ананас);;CZ6064;3,19 EUR;шт
        Boilies by Carp Zoom 20 mm, plum 800 g  (слива);;CZ4627;3,19 EUR;шт
        Boilies by Carp Zoom 20 mm, scopex 800 g  (скопекс);;CZ2656;3,19 EUR;шт
        Boilies by Carp Zoom 20 mm, strawberry 800 g  (клубника);;CZ2632;3,19 EUR;шт
        Boilies by Carp Zoom 20 mm, sweet corn 800g  (сладкая кукруза);;CZ7316;3,19 EUR;шт
        Boilies by Carp Zoom 20 mm, vanilla 800 g  (ваниль);;CZ4704;3,19 EUR;шт
        Braid scissors  (Рыбацкие ножницы,нержавеющая сталь);14,000;CZ1045;1,45 EUR;шт
        Braid scissors with hook sharpener (Рыбацкие ножницы,нержавеющая сталь);;CZ1229;3,23 EUR;шт
        Braid Zoom STR-G braided  line (dark grey),0,25, 13,0kg,130m (Тонущий плетеный Шнур-Германия, круглый,без памяти,темно-серый);;CZ0056;8,18 EUR;шт
        Braid Zoom STR-G braided  line (dark grey),0,30, 15,2kg,130m (Тонущий плетеный Шнур-Германия, круглый,без памяти,темно-серый);;CZ0063;8,18 EUR;шт
        BULLDOG 50R (Классическая катушка с задним тормозом,6+1BB,Металлический барабан,усиленный ролик, складная ручка);;CZ8044;16,32 EUR;шт
        Carp Box XXL (КАРПОВАЯ КОРОБКА-XXL, РАЗМЕР:37x29x6см.);;CZ2516;14,18 EUR;шт
"        Carp Cradle (Карповая ""Колыбель"" , размер:120x62x25см.)";;CZ7689;27,68 EUR;шт
        Carp Cradle;;CZ7864;28,35 EUR;шт
        Carp Fiesta, Mussel, 3 kg (мидии);;CZ3271;3,03 EUR;шт
        Carpsack (Карповый мешок, размер:100x80см.);;CZ0970;3,98 EUR;шт
        Combi-rig brown №2 (Бойловый поводок с японскими крючками,19.5 см,2 шт);;CZ1298;1,88 EUR;шт
        CZ Adventure Saw (походная ручная пила,длина лезвия 20,5 см);;CZ3681;4,49 EUR;шт
        CZ ALPHA 2 section landing net (45x40x130) (Телескопический подсак,10мм ЧЕРНАЯ СЕТКА);;CZ8181;4,34 EUR;шт
        CZ ALPHA 2 section landing net (50x40x150) (Телескопический подсак,10мм ЧЕРНАЯ СЕТКА);;CZ8174;4,49 EUR;шт
        CZ Bait Alarm Set  (РАДИО-СИГНАЛИЗАТОРЫ ПОКЛЕВКИ 3+1);;CZ7443;58,28 EUR;шт
        CZ Bait Rocket (Ракета для прикормки);;CZ6439;4,88 EUR;шт
        CZ Balanced Boilie, Banana-Hemp, 100g (банан-конопляное семя);;CZ0345;2,00 EUR;шт
        CZ Balanced Boilie, Strawberry-Fish, 100g (клубника-рыба);;CZ0321;2,00 EUR;шт
        CZ Barbed Boilie Stops, Brown - (Стоппер для бойлов - елочка, коричневый,30шт/листе, 2 листа);;CZ6385;1,43 EUR;шт
        CZ Barbed Boilie Stops, Matte Green - (Стоппер для бойлов - елочка, зеленый, 30шт/листе, 2 листа);;CZ6392;1,43 EUR;шт
        CZ BETA 2 section landing net (45x45x150)  (Телескопический подсак,8мм ЧЕРНАЯ СЕТКА);;CZ8143;5,93 EUR;шт
        CZ BETA 2 section landing net (50x50x180)  (Телескопический подсакК,8мм ЧЕРНАЯ СЕТКА);;CZ8150;6,74 EUR;шт
        CZ BETA 2 section landing net (50x50x210)  (Телескопический подсак,8мм ЧЕРНАЯ СЕТКА);;CZ8167;7,43 EUR;шт
        CZ Bite Alarm  (Цифровой сигнализатор клева);;CZ7450;5,93 EUR;шт
        CZ Bite Alarm for Fanatic Set  (СИГНАЛИЗАТОР,СПЕЦИАЛЬНОЕ РЕЗИНОВОЕ ПОКРЫТИЕ,РАБОТАЕТ ОТ 9-ВОЛЬТОВОЙ БАТАРЕИ);;CZ1541;32,25 EUR;шт
        CZ Bivvy Lamp and Receiver for Fanatic Set (СИГНАЛИЗИРУЮЩАЯ ПАЛАТОЧНАЯ ЛАМПА С МАГНИТНЫМ КРЕПЕЖЕМ,);;CZ1558;28,28 EUR;шт
        CZ Boilie Drying Bag (60x40cm) (СУМКА ДЛЯ СУШКИ БОЙЛОВ);;CZ7382;4,49 EUR;шт
        CZ Boilies by Carp Zoom, 16mm, fish, 10kg (рыба);;CZ7153;31,84 EUR;шт
        CZ Boilies by Carp Zoom, 16mm, honey, 10kg (мед);;CZ7139;31,84 EUR;шт
        CZ Boilies by Carp Zoom, 16mm, pineapple, 10kg (ананас);;CZ6057;31,84 EUR;шт
        CZ Boilies by Carp Zoom, 16mm, strawberry, 10kg (клубника);;CZ7115;31,84 EUR;шт
        CZ Boilies by Carp Zoom, 16mm, sweet corn, 10kg (сладкая кукруза);;CZ7184;31,84 EUR;шт
        CZ Boilies by Carp Zoom, 16mm, vanilla, 10kg (ваниль);;CZ7146;31,84 EUR;шт
        CZ Braided Line Cutter (Разрезатель плетенных шнуров,нержавеющая сталь);40,000;CZ3735;2,24 EUR;шт
        CZ Camou Field Boots, 41  (Обувь,водонепрницаемая,для любого рельефа);;CZ2296;20,93 EUR;шт
        CZ Camou Field Boots, 42  (Обувь,водонепрницаемая,для любого рельефа);;CZ2302;20,93 EUR;шт
        CZ Camou Field Boots, 45  (Обувь,водонепрницаемая,для любого рельефа);;CZ2333;20,93 EUR;шт
        CZ Camou Full Comfort Boilie Armchair (Камуфляжное бойловое кресло с подлокотниками - полный комфорт с регулируемыми ножками и наклоном спинки, размер: 60x60x35/97см);;CZ4733;53,93 EUR;шт
        CZ Carp Barrel, 20mm, 110g, strawberry-fish (клубника-рыба );;CZ8709;1,45 EUR;шт
        CZ Carp Landing Net, 1 section (100x100x180)  (Традиционный бойловый подсак);;CZ8228;22,43 EUR;шт
        CZ Carp Landing Net, 2 section (100x100x270)  (Бойловый подсак из двух частей);;CZ8235;23,93 EUR;шт
        CZ Carp Zoom Cap (КЕПКА);;CZ/CAP;2,48 EUR;шт
        CZ Compact Digital scales, (Электронные весы до 25 кг.);;CZ3231;11,70 EUR;шт
        CZ DELTA 2 section landing net (67x60x250);;CZ8204;16,50 EUR;шт
        CZ Digital Scales (Электронные весы до 50 кг.);;CZ2104;10,43 EUR;шт
        CZ Eco Keepnet, 4 section (?35+?45x140)  (МАТЕРЧАТЫЙ САДОК С ПЛАСТМАССОВЫМИ КОЛЬЦАМИ);;CZ8365;3,98 EUR;шт
        CZ Eco Keepnet, 5 section (?35+?45x160)  (МАТЕРЧАТЫЙ САДОК С ПЛАСТМАССОВЫМИ КОЛЬЦАМИ);;CZ8372;4,49 EUR;шт
        CZ Eco Keepnet, 6 section (?35+?45x180)  (МАТЕРЧАТЫЙ САДОК С ПЛАСТМАССОВЫМИ КОЛЬЦАМИ);;CZ8389;5,48 EUR;шт
"        CZ Elite Carp Landing Net 21.8m long 2pcs strong carbon composite handle; 42"" (105cm) arms; reinforced nylon block; aluminum arm ends and bottom cap; super soft and strong green mesh ( 105x105x105 см,КАРБОНОВАЯ РУЧКА,ЗЕЛЕНАЯ СЕТКА,РУЧКА ИЗ 2 ЧАСТЕЙ,180 см )";;CZ7504;41,93 EUR;шт
        CZ Elite Carp Landing Net 31.8m long telescopic handle, 105cm arms, reinforced nylon block, super soft and strong green mesh (105x105x105 см,  РУЧКА ТЕЛЕСКОПИЧЕСКАЯ,180 см,ЗЕЛЕНАЯ СЕТКА );;CZ1527;39,74 EUR;шт
"        CZ Elite Carp Landing Net 41.8m long 1pc strong carbon composite handle; 105cm arms; reinforced nylon block, arm ends and bottom cap; super soft and strong black mesh (105x105x105 см,КАРБОНОВАЯ РУЧКА, ИЗ ОДНОЙ ЧАСТИ 180 см, ЧЕРНАЯ КРЕПКАЯ СЕТКА)";;CZ7528;32,24 EUR;шт
        CZ Elite Net Float   (НЕОПРЕНОВЫЙ ПОПЛАВОК ДЛЯ ПОДСАКА);1,000;CZ7535;2,03 EUR;шт
        CZ Fanatic Bite Alarm Set (Электронных индикаторов поклевки + палаточная лампа);;CZ0513;134,93 EUR;шт
        CZ Fishing Gloves (ПЕРЧАТКИ C  МАГНИТНЫМ КРЕПЛЕНИЕМ );;CZ3261;10,43 EUR;шт
        CZ Fleece Hat (Флисовая шапка);;CZ3254;3,68 EUR;шт
        CZ Fleece Jacket, M (Флисовая термо-кофта);;CZ3155;25,43 EUR;шт
        CZ GAMMA 2 section landing net (50x50x210);;CZ8136;11,70 EUR;шт
        CZ H-marker  ( Н-ОБРАЗНЫЙ МАРКИРОВОЧНЫЙ БУЕК С 18-ти МЕТРОВЫМ ШНУРОМ);;CZ6507;3,68 EUR;шт
        CZ Heavy duty 150+ bedchair (Кровать экстра-прочной стальной конструкции - нагрузка 150 кг, металлические клипсы, оснащена крепким съемным матрасом,размер: 202x80x35);;CZ4900;115,43 EUR;шт
        CZ Hook Paste, 175g, caramel (карамель);;CZ9065;2,39 EUR;шт
        CZ Hook Paste, 175g, honey (мед);2,000;CZ9041;2,39 EUR;шт
        CZ Hook Paste, 175g, mussel (ракушка,мидия);;CZ9072;2,39 EUR;шт
        CZ Hook Paste, 175g, strawberry (клубника);;CZ9034;2,39 EUR;шт
        CZ Hook Paste, 175g, vanilla (ваниль);1,000;CZ9058;2,39 EUR;шт
        CZ Long Cast Pellet,floating, 10mm, 100g, banana-hemp  (плавающий,банан-конопляное семя);;CZ9256;2,39 EUR;шт
        CZ Long Cast Pellet,floating, 10mm, 100g, honey (плавающий,мед);;CZ9232;2,39 EUR;шт
        CZ Long Cast Pellet,floating, 10mm, 100g, mussel (плавающий,мидии);;CZ9270;2,39 EUR;шт
        CZ Long Cast Pellet,floating, 10mm, 100g, scopex (плавающий,,скопекс);;CZ9263;2,39 EUR;шт
        CZ Long Cast Pellet,floating, 10mm, 100g, strawberry (плавающий,клубника);;CZ9225;2,39 EUR;шт
        CZ Long Cast Pellet,floating, 10mm, 100g,squid-octopus (плавающий,кальмар);;CZ9287;2,39 EUR;шт
        CZ Long Cast Pellet,sinking, 10mm, 120g, mussel (тонущий,мидии);;CZ9348;1,59 EUR;шт
        CZ Long Cast Pellet,sinking, 10mm, 120g, squid-octopus (тонущий,кальмар);;CZ9355;1,59 EUR;шт
        CZ MultiCatch Float 11, 15g  (поплавок для хишника с встроенным грузилом,под светляк);;CZ4145;1,41 EUR;шт
        CZ MultiCatch Float 11, 20g  (поплавок для хишника с встроенным грузилом,под светляк);;CZ4152;1,49 EUR;шт
        CZ MultiCatch Float 11, 25g  (поплавок для хишника с встроенным грузилом,под светляк);;CZ4169;1,65 EUR;шт
        CZ MultiCatch Float 11, 30g  (поплавок для хишника с встроенным грузилом,под светляк);;CZ4176;1,88 EUR;шт
        CZ MultiCatch Float 12, 10g  (поплавок с внутринне проводимой леской,под светляк);;CZ4220;0,93 EUR;шт
        CZ MultiCatch Float 12, 3g  (поплавок с внутринне проводимой леской,под светляк);;CZ4183;0,71 EUR;шт
        CZ MultiCatch Float 12, 4g  (поплавок с внутринне проводимой леской,под светляк);;CZ4190;0,74 EUR;шт
        CZ MultiCatch Float 12, 6g  (поплавок с внутринне проводимой леской,под светляк);;CZ4206;0,81 EUR;шт
        CZ MultiCatch Float 12, 8g  (поплавок с внутринне проводимой леской,под светляк);;CZ4213;0,87 EUR;шт
        CZ MultiCatch Float 13, 1.5g (поплавок для маховой ловли);;CZ4244;0,59 EUR;шт
        CZ MultiCatch Float 13, 1g (поплавок для маховой ловли);;CZ4237;0,59 EUR;шт
        CZ MultiCatch Float 13, 2g (поплавок для маховой ловли);;CZ4251;0,60 EUR;шт
        CZ MultiCatch Float 13, 3g (поплавок для маховой ловли);;CZ4268;0,60 EUR;шт
        CZ MultiCatch Float 14, 3g (поплавок класический,рекоменд. для тростниковой рыбалки);;CZ4275;0,60 EUR;шт
        CZ MultiCatch Float 14, 4g (поплавок класический,рекоменд. для тростниковой рыбалки);;CZ4282;0,60 EUR;шт
        CZ MultiCatch Float 14, 5g (поплавок класический,рекоменд. для тростниковой рыбалки);3,000;CZ4299;0,63 EUR;шт
        CZ MultiCatch Float 14, 6g (поплавок класический,рекоменд. для тростниковой рыбалки);3,000;CZ4305;0,63 EUR;шт
        CZ MultiCatch Float 15, 1g  (попловок для маховой и спиннинговой рыбалки);;CZ4312;0,59 EUR;шт
        CZ MultiCatch Float 15, 2g  (попловок для маховой и спиннинговой рыбалки);;CZ4329;0,60 EUR;шт
        CZ MultiCatch Float 15, 3g  (попловок для маховой и спиннинговой рыбалки);;CZ4336;0,62 EUR;шт
        CZ MultiCatch Float 15, 4g  (попловок для маховой и спиннинговой рыбалки);;CZ4343;0,63 EUR;шт
        CZ MultiCatch Float 16, 1.5g (попловок для маховой рыбалки с бамбуковой антеной);;CZ4367;0,59 EUR;шт
        CZ MultiCatch Float 16, 1g (попловок для маховой рыбалки с бамбуковой антеной);;CZ4350;0,59 EUR;шт
        CZ MultiCatch Float 16, 2g (попловок для маховой рыбалки с бамбуковой антеной);;CZ4374;0,60 EUR;шт
        CZ MultiCatch Float 4, 10g (с встроенным грузилом,подходить для ночной рыбалки);;CZ3889;0,83 EUR;шт
        CZ MultiCatch Float 4, 12g (с встроенным грузилом,подходить для ночной рыбалки);;CZ3896;0,93 EUR;шт
        CZ MultiCatch Float 5, 10g  (для стоячей воды подходить для ночной рыбалки);;CZ3919;0,81 EUR;шт
        CZ MultiCatch Float 5, 12g  (для стоячей воды подходить для ночной рыбалки);;CZ3926;0,89 EUR;шт
        CZ MultiCatch Float 5, 15g  (для стоячей воды подходить для ночной рыбалки);;CZ3933;1,02 EUR;шт
        CZ Net Head 4 (40x38)  (ГОЛОВА ПОДСАК, 2 мм ПЛЕТЕНАЯ СЕТКА);;CZ8303;3,53 EUR;шт
        CZ Net Head 6 (55x53)   (ГОЛОВА ПОДСАК, 6 мм ТКАННАЯ СЕТКА);3,000;CZ8327;4,43 EUR;шт
        CZ Pole rest, 9 section (9-ти секционая гребенка, подставка под фидер);;CZ3101;3,38 EUR;шт
        CZ Practic Bag (Рыболовная сумка 45x25x25см.);;CZ7870;16,43 EUR;шт
        CZ Practic unhooking mat (Карповый мат, размер: 100x65 см.);;CZ4917;14,18 EUR;шт
        CZ Retro Cap, green (РЭТРО КЕПКА);;CZ3322;4,13 EUR;шт
        CZ Rig Weights (15 shots, 3 strings), Green (Свинцовый стоппер для поводков);4,000;CZ6408;2,03 EUR;шт
        CZ Soft Hook Pellet,floating, 8mm, 100g, mussel (плавающий,мидии);2,000;CZ9133;2,23 EUR;шт
        CZ Soft Hook Pellet,floating, 8mm, 100g, strawberry (плавающий,клубника);1,000;CZ9089;2,23 EUR;шт
        CZ Soft Hook Pellet,sinking, 8mm, 120g, mussel (тонущий,мидии);;CZ9201;1,59 EUR;шт
        CZ Soft Hook Pellet,sinking, 8mm, 120g, scopex (тонущий,скопекс);;CZ9195;1,59 EUR;шт
        CZ Soft Hook Pellet,sinking, 8mm, 120g, squid-octopus (тонущий,кальмар);1,000;CZ9218;1,59 EUR;шт
        CZ Soft Hook Pellet,sinking, 8mm, 120g, strawberry (тонущий, клубника);;CZ9157;1,59 EUR;шт
        CZ Soluble Boilies, 20mm, 800g, meat-GLM (мясо-зелено губая ракушка);;CZ0643;3,19 EUR;шт
        CZ Soluble Boilies, 20mm, 800g, spicy frankfurter-belachan (франкфуртская колбаса);;CZ0650;3,19 EUR;шт
        CZ Spare Net (100x100, depth 80) (Запасная сетка на подсак);;CZ8242;6,38 EUR;шт
        CZ Spice Bomb Boilie Paste, 200g, Hot Bomb (паста для бойлов);;CZ8846;2,16 EUR;шт
        CZ Spice Bomb Dip, 130ml, Hot Bomb (вибух специи-дип);;CZ8839;2,16 EUR;шт
        CZ Spice Bomb Pop ups, 16mm, 100g,Hot Bomb (плавающие бойлы);;CZ8853;2,16 EUR;шт
        CZ Sunglasses Model 1, brown lens (Рыбацкие солнцезащитные очки);;CZ2159;11,24 EUR;шт
        CZ Sunglasses Model 1, grey lens (Рыбацкие солнцезащитные очки);;CZ2493;11,24 EUR;шт
        CZ Sunglasses Model 2, brown lens (Рыбацкие солнцезащитные очки);;CZ2166;11,24 EUR;шт
        CZ Sunglasses Model 2, grey lens (Рыбацкие солнцезащитные очки);;CZ2509;11,24 EUR;шт
        CZ Thermo Fleece Jacket, XL  (Флисовая термо-куртка);;CZ3223;37,49 EUR;шт
        CZ Thermo Fleece Jacket, XXL  (Флисовая термо-куртка);;CZ3230;37,49 EUR;шт
        CZ Unleaded LeadCore (brown), 35lb, 10м (Ледкор без свинца для поводка - коричневый);;CZ6781;5,93 EUR;шт
        CZ Unleaded LeadCore (brown), 45lb, 10м (Ледкор без свинца для поводка - коричневый);;CZ6798;7,43 EUR;шт
        CZ Watch Fishfinder (Наручный эхолот-часы с цветным экраном,улавливает мелкую и крупную рыбу,1,77-дюймовый цветной ЖК-дисплей,60 метровая дальность, 45 метровая глубина,показатель температуры воды);;CZ3293;89,00 EUR;шт
        CZ Winter Boots, 41 (Сапоги с вынимаемым внутренним полиуритановым вкладышем,Низ обуви и подошва изготовлены из высококачественной пенорезины);;CZ2340;23,93 EUR;шт
        CZ Winter Boots, 42 (Сапоги с вынимаемым внутренним полиуритановым вкладышем,Низ обуви и подошва изготовлены из высококачественной пенорезины);;CZ2357;23,93 EUR;шт
        CZ Winter Boots, 43 (Сапоги с вынимаемым внутренним полиуритановым вкладышем,Низ обуви и подошва изготовлены из высококачественной пенорезины);;CZ2364;23,93 EUR;шт
        CZ Winter Boots, 44 (Сапоги с вынимаемым внутренним полиуритановым вкладышем,Низ обуви и подошва изготовлены из высококачественной пенорезины);;CZ2371;23,93 EUR;шт
        CZ Winter Boots, 45 (Сапоги с вынимаемым внутренним полиуритановым вкладышем,Низ обуви и подошва изготовлены из высококачественной пенорезины);;CZ2388;23,93 EUR;шт
        CZ XXL Carp Boilie Paste, 200g, fish-meat (рыба-мясо);;CZ8648;2,16 EUR;шт
        CZ XXL Carp Boilie Paste, 200g, sweet fruit  (сладкий фрукт);;CZ8655;2,16 EUR;шт
        Duo Hook Boilies, 16 mm, 110g, hot spice-garlic  (двухцветные бойлы, острые специи-чеснок);;CZ5310;1,93 EUR;шт
        Duo Hook Boilies, 16 mm, 110g, pineapple-squid  (двухцветные бойлы, ананас-кальмар);;CZ5297;1,93 EUR;шт
        Duo Hook Boilies, 16 mm, 110g, plum-octopus (двухцветные бойлы, слива-осьминог,кальмар);;CZ5280;1,93 EUR;шт
        Duo Hook Boilies, 16 mm, 110g, strawberry-fish (двухцветные бойлы, клубника-рыба);;CZ5266;1,93 EUR;шт
        Duo Hook Boilies, 16 mm, 110g,choco-vanilla (двухцветные бойлы, шоколад-ваниль);;CZ5273;1,93 EUR;шт
        EASY ALU Armchair (Стульчик с подлокотниками,облегченное, размер: 58x50x44/84см);;CZ6927;29,25 EUR;шт
        Extreme Sleeping Bag (Спальник экстримальных условий,по бокам молнии, оснащен специальной лентой для крепления к кровати, размер: 210x84см);;CZ7955;35,93 EUR;шт
        FANATIC 1 Bivvy - (Карповая палатка, размер: 250x215x135см) 5000мм(водная шкала),вес палатки 9 кг,удобное размещение для 2-х рыбаков,варьируемый вход, сетка против комаров);;CZ6903;119,85 EUR;шт
        FANATIC 2 Bivvy -  (Карповая палатка, размер: 305x275x165см) 8000мм(водная шкала),вес палатки 14,5 кг,удобное размещение для 3-х рыбаков,варьируемый вход, сетка против комаров);;CZ7658;208,50 EUR;шт
        FANATIC 2 Winterskin - (Зимнее покрытие для палатки FANATIC 2 Bivvy),обеспечивает защиту от ветра и сохраняет тепло, что делает более эффективным обогрев палатки);;CZ7665;67,43 EUR;шт
        FANATIC 4 Bivvy - (Карповая палатка, размер: 420x370x190см) 10000мм(водная шкала),вес палатки 18,5 кг,удобное размещение для 4-х рыбаков,варьируемый вход, сетка против комаров);;CZ4795;220,00 EUR;шт
        FANATIC 4 Winterskin - (Зимнее покрытие для палатки FANATIC 4  Bivvy,обеспечивает защиту от ветра и сохраняет тепло, что делает более эффективным обогрев палатки);;CZ4801;74,85 EUR;шт
        Fire Shot Hook Baits Halibut Pellet pre-drilled 12mm 120g (пеллетс перфорированый насадочный);16,000;CZ8214;0,79 EUR;шт
        Fire Shot Hook Baits Halibut Pellet pre-drilled 16mm 120g (пеллетс перфорированый насадочный);;CZ8221;0,79 EUR;шт
        Flavoured pellets, 800 g green-tuna 6mm (зеленый-тунец);;CZ5862;2,80 EUR;шт
        Flavoured pellets, 800 g red-strawberry 6mm (красный-клубника);;CZ5848;2,80 EUR;шт
        Flavoured pellets, 800 g yellow-scopex 6mm (жолтый-скопекс);;CZ5855;2,80 EUR;шт
        Fluorocarbon stiff rig 2 (17 cm, 20lb, 2pcs)  (ФЛЮОРОКАРБ. ПОВОДОК);;CZ1410;1,88 EUR;шт
        Fluorocarbon stiff rig 4 (17 cm, 20lb, 2pcs)  (ФЛЮОРОКАРБ. ПОВОДОК);;CZ1427;1,88 EUR;шт
        Fluorocarbon stiff rig 6 (17 cm, 20lb, 2pcs)  (ФЛЮОРОКАРБ. ПОВОДОК);;CZ1434;1,88 EUR;шт
        Foldable Carp Cradle with Zipper;;CZ7857;32,93 EUR;шт
        Full Comfort Boilie Chair (Широкое кресло - полный Комфорт с регулируемыми ножками и наклоном спинки, размер:  60x64x32/107см);;CZ0697;44,25 EUR;шт
        Hooklink Black & Gr,25lb,20м (Поводочный материал-черно- зеленый);;CZ1526;2,48 EUR;шт
        Light Stick, 3,0x25mm  (СВЕТЯЩИЙСЯ ПАТРОН 3шт/уп, В КОРОБКЕ 50уп.);;CZ2721;0,25 EUR;шт
        Light Stick, 4,5x39mm    (СВЕТЯЩИЙСЯ ПАТРОН 3шт/уп, В КОРОБКЕ 30уп.);;CZ2714;0,25 EUR;шт
        Line-aligner rig №2 (Бойловый поводок с покрытием и противозакручивателем с японскими крючками,19,5 см,2 шт);;CZ1359;2,18 EUR;шт
        Maggot box black 1 liter  (КОРОБКА ДЛЯ НАЖИВОК (ПРИМАНОК);;CZ1076;1,34 EUR;шт
        Marker stick light  (СВЕТЯЩАЯ ГОЛОВКА ДЛЯ ОТМЕЧАЮЩЕГО СИГНАЛЬНАЯ БУЙКА);;CZ2691;8,03 EUR;шт
        MultiZoom Telecast rod, 300cm, 60-120g (Телескопическое удилище);;CZ1930;9,98 EUR;шт
        MultiZoom Telecast rod, 330cm, 60-120g (Телескопическое удилище);;CZ1947;10,80 EUR;шт
        MultiZoom Telecast rod, 360cm, 60-120g (Телескопическое удилище);;CZ1954;12,23 EUR;шт
        MultiZoomTelefeeder rod, 360cm, 30-80g (Телескопическое фидерное удилище);;CZ1657;13,73 EUR;шт
        Pole rig Carp 1, 1,0g (Поплавочная снасть);9,000;CZ2745;0,74 EUR;шт
        Pole rig Carp 1, 1,5g (Поплавочная снасть);;CZ2752;0,74 EUR;шт
        Pole rig Carp 1, 2,0g (Поплавочная снасть);;CZ2769;0,74 EUR;шт
        Pole rig Carp 2, 1,0g (Поплавочная снасть);;CZ2776;0,74 EUR;шт
        Pole rig Carp 2, 1,5g (Поплавочная снасть);;CZ2783;0,74 EUR;шт
        Pole rig Carp 2, 2,0g (Поплавочная снасть);;CZ2790;0,74 EUR;шт
        Pole rig Carp 3, 1,0g (Поплавочная снасть);;CZ2806;0,74 EUR;шт
        Pole rig Carp 3, 1,5g (Поплавочная снасть);;CZ2813;0,74 EUR;шт
        Pole rig Carp 3, 2,0g (Поплавочная снасть);;CZ2820;0,74 EUR;шт
        Pole rig Chop, 2,0g   (Поплавочная снасть);;CZ2851;0,74 EUR;шт
        Pop-up boilie rig №6, 25lb (Бойловый поводок с японскими крючками,19 см,2 шт);;CZ1403;1,88 EUR;шт
        Powder Dip, Honey-Tigernuts e85 g   (мед-тигровый орех);;CZ7804;3,19 EUR;шт
        Predator-Z Catfish Mono-Line, 100m, 0,70mm, PT 39,17kg;;CZ4764;2,84 EUR;шт
        Predator-Z Catfish Mono-Line, 100m, 0,80mm, PT 49,00kg;;CZ4771;2,99 EUR;шт
        Predator-Z PWR-X Fish Grip (22cm) (Захватыватель рыбы);;CZ3217;11,93 EUR;шт
        PVA Tube 65mmx1m (ПВА Рукав 65мм);;CZ8962;2,00 EUR;шт
        Red Halibut Pellets 16 mm, 10 kg   (красный палтусовый пеллетс);;CZ8146;25,44 EUR;шт
        Red Halibut Pellets 20 mm, 10 kg   (красный палтусовый пеллетс);;CZ7989;25,44 EUR;шт
        Shrink tube ? 1,6/1,8 mm (15шт) Dark Brown  (Термоусадочная трубка - коричневые);;CZ2158;0,44 EUR;шт
        Skin line stripper  (Очиститель шнура);;CZ1182;1,43 EUR;шт
        Sling Unhooking Mat with zip (Карповый мат для взвешивания на молнии, размер:134x82x34см.);;CZ0901;23,93 EUR;шт
        Special Additives, CSL (corn steep liquor), 200 ml (кукурузные рыльца);;CZ5503;2,32 EUR;шт
        Special Additives, tigernut oil, 200 ml (масло тигрового ореха);;CZ5497;3,19 EUR;шт
        Special Additives, water insect, 200 ml (водяные насекомые);;CZ6340;3,19 EUR;шт
        Standard Sleeping Bag  (Классический комфортный мягкий спальный мешок, оснащенный с двух сторон молнией. Со стороны головы оснащен капюшоном, размер: 190x75см);;CZ7610;14,18 EUR;шт
        Strawberry Halibut Hook Pellets, 12 mm, 150g (клубника-палтус, пеллетс насадочный- перфорированный);;CZ7842;1,25 EUR;шт
        Strawberry Halibut Hook Pellets, 16 mm, 150g (клубника-палтус, пеллетс насадочный- перфорированный);;CZ7859;1,25 EUR;шт
        Tank LC 10000 reel LONG CAST  ( 0,25mm-540m / 0,30mm-420m / 0,40mm-330m),4,1:1, (4+1-BB) (Катушка для дальних забросов,запасная алюминиевая шпуля,профессиональная карповая катушка Long Cast,антиреверс);;CZ2128;44,93 EUR;шт
        Tel. alu bank stick 120-210см (Телескопическая подставка -усилена);;CZ0949;6,98 EUR;шт
        Tel. alu bank stick 60-100см (Телескопическая подставка -усилена);;CZ0925;4,43 EUR;шт
        Tel. alu bank stick 90-160см (Телескопическая подставка -усилена);;CZ0932;5,93 EUR;шт
        Telescopic marker stick 4m (ТЕЛЕСКОПИЧЕСКИЙ ОБОЗНАЧАЮЩИЙ БУЙ-МАРКЕР);;CZ0833;19,43 EUR;шт
        TigerZoom Carp rod, 360cm, 70-140g (Карповое удилище);;CZ1787;26,25 EUR;шт
        TigerZoom Feeder rod, 360cm, 70-130g (Фидерное удилище,запасные кончики - 3 шт);;CZ1688;23,63 EUR;шт
        TigerZoom Feeder rod, 390cm, 80-150g (Фидерное удилище,запасные кончики - 3 шт);;CZ1695;25,88 EUR;шт
        Trout Attac, 50g, Rainbow Red (Плавающее тесто на Форель-Радуга);;100532;2,39 EUR;шт
        Turbo seed, wheat, 500 g (пшеница);;CZ5763;0,95 EUR;шт
        WolfZoom Carp rod, 360cm, 70-140g (Карповое удилище);;CZ1763;23,48 EUR;шт
        WolfZoom Feeder rod, 360cm, 70-120g  (фидерное удилище,запасные кончики - 2 шт);;CZ1664;15,98 EUR;шт
        WolfZoom Feeder rod, 390cm, 70-120g  (Фидерное удилище,запасные кончики - 2 шт);;CZ1671;17,78 EUR;шт
        XXL Carpsack (Карповый мешок, размер: 150x100см.);;CZ0987;5,78 EUR;шт
        Термобелье XXL;;XXL;29,00 EUR;шт
Товары<(00001)>;;;;
    6. PONDZOOM;;;;
        ColourPearl Корм для прудовых рыб  6,00 mm 0,36 kg;;PZ3445;2,64 EUR;шт
        Koi VitaPearl Корм для прудовых рыб  6,00 mm 0,36 kg;;PZ3476;3,60 EUR;шт
        KoiPearl Корм для прудовых рыб  6,00 mm 0,36 kg;;PZ3452;2,39 EUR;шт
        KoiPearl Корм для прудовых рыб  6,00 mm 3,80 kg;;PZ3469;15,92 EUR;шт
        PondFlakes Хлопья для прудовых рыб  0,07 kg;;PZ3414;1,59 EUR;шт
        PondFlakes Хлопья для прудовых рыб  0,88 kg;;PZ3421;9,52 EUR;шт
        PondSticks Корм для прудовых рыб 4,00 mm 0,095 kg;;PZ3377;1,59 EUR;шт
        PondSticks Корм для прудовых рыб 4,00 mm 1,00 kg;;PZ3384;9,52 EUR;шт
        PowerPearl Корм для прудовых рыб   6,00 mm 0,40 kg;;PZ3438;2,39 EUR;шт
        VitaSticks Корм для прудовых рыб 4,00 mm 0,115 kg;;PZ3391;1,76 EUR;шт
        VitaSticks Корм для прудовых рыб 4,00 mm 1,20 kg;;PZ3407;10,40 EUR;шт
        VitaSticks Корм для прудовых рыб 4,00 mm 2,00 kg;;PZ5815;15,84 EUR;шт
    1. BAITS;;;;
        01. Sweet Angler's Maize (кукуруза в банке с ликвидом) (Catalogue p. 2);;;;
            Sweet Angler's Maize, 220ml (125g) anise (анисовая);119,000;CZ4469;0,99 EUR;шт
            Sweet Angler's Maize, 220ml (125g) brandy (бренди);;CZ5869;0,99 EUR;шт
            Sweet Angler's Maize, 220ml (125g) honey (медовая);87,000;CZ1376;0,99 EUR;шт
            Sweet Angler's Maize, 220ml (125g) natural (натуральная);42,000;CZ1338;0,99 EUR;шт
            Sweet Angler's Maize, 220ml (125g) plum (слива);19,000;CZ7156;0,99 EUR;шт
            Sweet Angler's Maize, 220ml (125g) strawberry (клубничная);;CZ7149;0,99 EUR;шт
            Sweet Angler's Maize, 220ml (125g) tutti frutti (фруктовая смесь);89,000;CZ9362;0,99 EUR;шт
            Sweet Angler's Maize, 220ml (125g) vanilla (ванильная);17,000;CZ1352;0,99 EUR;шт
        02. Premium Maize (кукуруза премиум класса) (Catalogue p. 2);;;;
            Premium Maize, 220 ml (125g) garlic (чеснок);19,000;CZ7163;1,57 EUR;шт
            Premium Maize, 220 ml (125g) honey (медовая);;CZ1291;1,57 EUR;шт
            Premium Maize, 220 ml (125g) liver (печень);88,000;CZ3491;1,57 EUR;шт
            Premium Maize, 220 ml (125g) mosquito larva (личинки комаров);101,000;CZ3851;1,57 EUR;шт
            Premium Maize, 220 ml (125g) mussel (мидии);1 127,000;CZ1314;0,99 EUR;шт
            Premium Maize, 220 ml (125g) salty corn (соленая кукуруза);54,000;CZ3521;1,57 EUR;шт
            Premium Maize, 220 ml (125g) scopex (скопекс);;CZ3844;1,57 EUR;шт
            Premium Maize, 220 ml (125g) spicy sausage (острая колбаса);60,000;CZ3514;1,57 EUR;шт
            Premium Maize, 220 ml (125g) strawberry (клубничная);;CZ1277;1,57 EUR;шт
            Premium Maize, 220 ml (125g) vanilla (ванильная);;CZ9379;1,57 EUR;шт
        03. XXL Corn (кукуруза экстра размера - XXL) (Catalogue p. 2);;;;
            XXL Corn, 220 ml (125g) honey (медовая);33,000;CZ2342;1,57 EUR;шт
            XXL Corn, 220 ml (125g) mussel (мидии);;CZ9386;1,57 EUR;шт
            XXL Corn, 220 ml (125g) strawberry (клубничная);36,000;CZ2359;1,57 EUR;шт
            XXL Corn, 220 ml (125g) vanilla (ванильная);32,000;CZ2335;1,57 EUR;шт
        04. Tigernuts & Lupin (тигровый орех и люпин) (Catalogue p. 3);;;;
            Lupin, 220 ml (125g) (люпин);95,000;CZ7934;1,59 EUR;шт
            Tigernuts, 220 ml (125g) (тигровый орех);74,000;CZ7170;1,59 EUR;шт
            Tigernuts, 220 ml (125g), chili (тигровый орех-чили перец);103,000;CZ3583;1,59 EUR;шт
            Tigernuts, 220 ml (125g), pineapple (тигровый орех-ананас);73,000;CZ3545;1,59 EUR;шт
        05. Hard&Dry Tigernuts (сухой тигровый орех) (Catalogue p. 3);;;;
            Hard&Dry Tigernuts, 10kg;15,000;CZ9561;30,00 EUR;шт
            Hard&Dry Tigernuts, 2,5kg (тигровый орех);8,000;CZ1501;8,40 EUR;шт
        06. Turbo seed (распаренные семена) (Catalogue p. 4);;;;
            Turbo seed 3X Mix, corn+wheat+hemp, 500 g  (кукуруза+пшеница+конопля);140,000;CZ5770;1,09 EUR;шт
            Turbo seed 5X Mix, corn+wheat+hemp+tigernut+mammoth maize, 500 g (кукуруза+пшеница+конопля+тигровый орех+огромная кукуруза);3,000;CZ7255;1,59 EUR;шт
            Turbo seed, corn - natural, 500 g (кукуруза – натуральный вкус);;CZ5756;0,95 EUR;шт
            Turbo seed, corn - strawberry red, 500 g (кукуруза – вкус клубники);19,000;CZ7262;1,52 EUR;шт
            Turbo seed, corn - yellow honey, 500 g  (кукуруза – вкус меда);67,000;CZ7279;1,52 EUR;шт
            Turbo seed, hemp, 500 g (семя конопли);;CZ7231;2,00 EUR;шт
            Turbo seed, tigernuts, 500 g (тигровый орех);52,000;CZ7248;2,39 EUR;шт
        07. Special Additives (добавки высокой концентрации к прикормкам и для изготовления бойлов) (Catalog;;;;
            CZ Special Additive, Robin Red® Mix, 250g (острые специи - красный);63,000;CZ5937;2,92 EUR;шт
            Special Additive, Betaine, 250g (бетаин);58,000;CZ3056;1,36 EUR;шт
            Special Additive, Black Halibut Crush, 250g (черный палтус молотый);25,000;CZ3063;1,20 EUR;шт
            Special Additive, Groundbait Glue, 250g (клей для прикормки);55,000;CZ3094;1,27 EUR;шт
            Special Additive, Maggot Glue, 250g (клей для личинок);56,000;CZ3100;1,59 EUR;шт
            Special Additive, Red Halibut Crush, 250g   (красный палтус молотый);21,000;CZ3070;1,27 EUR;шт
            Special Additive, Spirulina Algae, 250g  (спирулина);52,000;CZ3087;2,00 EUR;шт
        08. Fish Meal, Hemp Meal, TTX & PV1 & Crumbs (добавки к прикормкам) (Catalogue p. 5);;;;
            Crumbs groundbait additive, 800 g (английская крошка);19,000;CZ3134;2,39 EUR;шт
            Bait Additives, Fish Meal, 1kg (рыбная добавка);;CZ2218;2,70 EUR;шт
            Bait Additives, Hemp Meal, 1kg (конопляная добавка);13,000;CZ2225;2,70 EUR;шт
            PV1 groundbait additive, 1 kg  (клей для прикормки);47,000;CZ8139;1,59 EUR;шт
            TTX groundbait additive, 800 g (кукурузный тортик);33,000;CZ8122;1,59 EUR;шт
        09. Carp Fiesta 1kg (прикормка) (Catalogue p. 6-7);;;;
            Carp Fiesta, Black Carp - Cold Water, 1 kg (для холодной воды);29,000;CZ8600;1,26 EUR;шт
            Carp Fiesta, Carp Mix, 1 kg (шоколад-печенье);;CZ3196;1,26 EUR;шт
            Carp Fiesta, Carp Special, 1 kg (лимон-печенье);;CZ3202;1,26 EUR;шт
            Carp Fiesta, Feeder Carp, 1 kg (фидер);25,000;CZ3219;1,26 EUR;шт
            Carp Fiesta, Fish Mix, 1 kg (рыбная смесь);30,000;CZ3613;1,26 EUR;шт
            Carp Fiesta, Honey, 1 kg  (мед);29,000;CZ7187;1,26 EUR;шт
            Carp Fiesta, Mussel, 1 kg (мидии);399,000;CZ3226;0,97 EUR;шт
            Carp Fiesta, Spice Mix, 1 kg (смесь специй);;CZ3606;1,26 EUR;шт
            Carp Fiesta, Strawberry, 1 kg (клубника);29,000;CZ3233;1,26 EUR;шт
            Carp Fiesta, Vanilla, 1 kg (ваниль);;CZ3620;1,26 EUR;шт
            Carp Fiesta, XXL Carp Red (strawberry), 1 kg  (клубника, крупнозернистая);10,000;CZ8587;1,26 EUR;шт
            Carp Fiesta, XXL Carp Yellow (honey), 1 kg (мед, крупнозернистая);20,000;CZ8594;1,26 EUR;шт
        10. Carp Fiesta 3kg (прикормка) (Catalogue p. 6-7);;;;
            Carp Fiesta, Carp Mix, 3 kg (шоколад-печенье);87,000;CZ3240;3,01 EUR;шт
            Carp Fiesta, Carp Special, 3 kg (лимон-печенье);20,000;CZ3257;3,01 EUR;шт
            Carp Fiesta, Feeder Carp, 3 kg (фидер);;CZ3264;3,01 EUR;шт
            Carp Fiesta, Fish Mix, 3 kg (рыбная смесь);4,000;CZ3804;3,01 EUR;шт
            Carp Fiesta, Honey, 3 kg  (мед);269,000;CZ7194;3,01 EUR;шт
            Carp Fiesta, Spice Mix, 3 kg (смесь специй);21,000;CZ3651;3,01 EUR;шт
            Carp Fiesta, Strawberry, 3 kg (клубника);156,000;CZ3288;3,01 EUR;шт
            Carp Fiesta, Vanilla, 3 kg (ваниль);12,000;CZ3811;3,01 EUR;шт
            Carp Fiesta, XXL Carp Red (strawberry), 3 kg  (клубника, крупнозернистая);;CZ8617;3,01 EUR;шт
            Carp Fiesta, XXL Carp Yellow (honey), 3 kg (мед, крупнозернистая);;CZ8624;3,01 EUR;шт
        11. Carp Fiesta 10kg (прикормка) (Catalogue p. 6-7);;;;
            Carp Fiesta , Carp Mix, 10 kg (шоколад-печенье);;CZ7306;9,57 EUR;шт
            Carp Fiesta , Carp Special, 10 kg (лимон-печенье);;CZ7313;9,57 EUR;шт
            Carp Fiesta , Feeder Carp, 10 kg (фидер);;CZ7276;9,57 EUR;шт
            Carp Fiesta , Honey, 10 kg  (мед);;CZ7344;9,57 EUR;шт
            Carp Fiesta , Strawberry, 10 kg (клубника);;CZ7337;9,57 EUR;шт
            Carp Fiesta , XXL Carp Red (Strawberry),10 kg (клубника,крупнозернистая);;CZ7283;9,57 EUR;шт
            Carp Fiesta , XXL Carp Yellow (Honey), 10 kg (мед,крупнозернистая);;CZ7290;9,57 EUR;шт
            Carp Fiesta, Fish Mix, 10 kg (рыбная смесь);;CZ4351;9,57 EUR;шт
            Carp Fiesta, Spice Mix, 10 kg (смесь специй);;CZ4344;9,57 EUR;шт
            Carp Fiesta, Vanilla, 10 kg (ваниль);;CZ4368;9,57 EUR;шт
        12. Big Catch Groundbaits (прикормка);;;;
            Big Catch Groundbaits, Big Carp-Yellow, 1 kg (для  карпов, желтая);;CZ8115;1,43 EUR;шт
            Big Catch Groundbaits, Bream, 1 kg (лещ);;CZ3189;1,43 EUR;шт
            Big Catch Groundbaits, Coco-Vanilla, 1 kg (кокос-ваниль);;CZ7200;1,43 EUR;шт
            Big Catch Groundbaits, Match, 1 kg (Матч);;CZ3141;1,43 EUR;шт
            Big Catch Groundbaits, Roach, 1 kg (плотва, красноперка);;CZ3165;1,12 EUR;шт
        13. Super Sweet Groundbaits (прикормка) (Catalogue p. 8);;;;
            Super Sweet groundbait, 1kg, sweet fish (сладкая рыба);43,000;CZ9844;1,36 EUR;шт
            Super Sweet groundbait, 1kg, sweet honey (сладкий мед);33,000;CZ9851;1,36 EUR;шт
            Super Sweet groundbait, 1kg, sweet punch;44,000;CZ9875;1,36 EUR;шт
            Super Sweet groundbait, 1kg, sweet strawberry (сладкая клубника);33,000;CZ9837;1,36 EUR;шт
            Super Sweet groundbait, 1kg, sweet vanilla (сладкая ваниль);44,000;CZ9868;1,36 EUR;шт
        14. Fish Magnet (прикормка – магнит для рыб) (Catalogue p. 9);;;;
            CZ Fish Magnet, Cream, 1kg (кремовая,сливки);16,000;CZ5906;1,64 EUR;шт
            CZ Fish Magnet, Green, 1kg  (зеленая);87,000;CZ5920;1,44 EUR;шт
            CZ Fish Magnet, Red, 1kg  (красная);187,000;CZ5913;1,54 EUR;шт
        15. Carp Fanatic - All inclusive - groundbaits (прикормка с пеллетсом 2мм) (Catalogue p. 10);;;;
            Carp Fanatic  - All inclusive - Fire carp, 1kg  (со специями);;CZ5800;1,59 EUR;шт
            Carp Fanatic - All inclusive - Atomic carp, 1kg (скопекс);12,000;CZ5794;1,59 EUR;шт
            Carp Fanatic - All inclusive - Atomic carp, 3kg  (скопекс);;CZ5824;3,83 EUR;шт
            Carp Fanatic - All inclusive - Capital carp, 1kg (медовый);26,000;CZ5787;1,59 EUR;шт
            Carp Fanatic - All inclusive - Capital carp, 3kg (медовый);;CZ5817;3,83 EUR;шт
            Carp Fanatic - All inclusive - Fire carp, 3kg (со специями);24,000;CZ5831;3,83 EUR;шт
        16. Feeder Zoom (фидерная прикормка) (Catalogue p. 11);;;;
            Feeder Zoom, betaine-fish-GLM, 1 kg (бетаин-рыба-зеленые мидии - зеленый);28,000;CZ8884;1,59 EUR;шт
            Feeder Zoom, chili-pepper-garlic 1 kg (острый перец-чеснок);;CZ4313;1,59 EUR;шт
            Feeder Zoom, strawberry-fish-robin red, 1 kg (клубника-рыба-перцевые специи-красная);;CZ8860;1,59 EUR;шт
            Feeder Zoom, tigernut-fish-halibut, 1 kg  (тигровый орех-рыба-палтус-коричневый);13,000;CZ8877;1,59 EUR;шт
        17. Method Feeder Groundbaits (методная прикормка) (Catalogue p. 12);;;;
            Method Feeder groundbait, 1kg, fish-halibut  (рыба-палтус);72,000;CZ9912;1,76 EUR;шт
            Method Feeder groundbait, 1kg, strawberry-fish (клубника-рыба);43,000;CZ9882;1,76 EUR;шт
            Method Feeder groundbait, 1kg, sweet spicy carp (сладкие специи);39,000;CZ9899;1,76 EUR;шт
            Method Feeder groundbait, 1kg, tigernut-chococaramel (тигровый орех-шоколад);;CZ9905;1,76 EUR;шт
        18. Method Feeder Pellets (метод-фидер пеллетс) (Catalogue p. 12);;;;
            Method Feeder Pellets, 3mm, 120g, red strawberry (красная, клубника);32,000;CZ9684;0,95 EUR;шт
            Method Feeder Pellets, 3mm, 120g, yellow honey (желтый, мед);34,000;CZ9417;0,95 EUR;шт
        19. Competition Zoom Groundbaits (прикормка премиум класса) (Catalogue p. 13);;;;
            Competition Zoom groundbait, 1kg, big bream (лещ);14,000;CZ9936;2,32 EUR;шт
            Competition Zoom groundbait, 1kg, big roach (плотва);27,000;CZ9943;2,32 EUR;шт
            Competition Zoom groundbait, 1kg, etang;30,000;CZ9929;2,32 EUR;шт
            Competition Zoom groundbait, 1kg, super carp (карп);40,000;CZ9967;2,32 EUR;шт
            Competition Zoom groundbait, 1kg, super feeder (фидер);28,000;CZ9950;2,32 EUR;шт
            Competition Zoom groundbait, 1kg, super fish (рыба);36,000;CZ9974;2,32 EUR;шт
        20. MultiFish Groundbaits (прикормка) (Catalogue p. 14);;;;
            Multi Fish Groundbait, 1kg, Allround;;CZ9677;0,95 EUR;шт
            Multi Fish Groundbait, 1kg, Bream (Лещ);;CZ6941;0,95 EUR;шт
            Multi Fish Groundbait, 1kg, Carp (Карп);;CZ6934;0,95 EUR;шт
            Multi Fish Groundbait, 1kg, River (Проточная вода, для реки);55,000;CZ6965;0,95 EUR;шт
            Multi Fish Groundbait, 1kg, Roach (Плотва);13,000;CZ6958;0,95 EUR;шт
        21. LA SIR?NE X21 (французская прикормка) (Catalogue p. 170);;;;
            La Sir?ne X21 Groundbait Jaune, 850 kg  - желтая (Французская прикормка для спортсменов,концентрированная,рецепт не менялся с 1946 года);;RI110009;2,55 EUR;шт
            La Sir?ne X21 Groundbait Rouge, 850g -красная (Французская прикормка для спортсменов,концентрированная,рецепт не менялся с 1946 года);22,000;RI110005;1,99 EUR;шт
            La Sir?ne X21 Groundbait, 2,5 kg (Французская прикормка для спортсменов,концентрированная,рецепт не менялся с 1946 года);;RI110003;5,59 EUR;шт
            La Sir?ne X21 Groundbait, 850g (Французская прикормка для спортсменов,концентрированная,рецепт не менялся с 1946 года);;RI110001;2,39 EUR;шт
        22. Sweet Baby Corn Pellets (пеллетсы из молодой кукурузы) (Catalogue p. 16);;;;
            Sweet Baby Corn Pellets, 2500 g (пеллетс из молодой кукурузы);6,000;CZ8532;3,51 EUR;шт
            Sweet Baby Corn Pellets, 800g  (пеллетс из молодой кукурузы);53,000;CZ7873;1,36 EUR;шт
            Sweet Baby Corn Pellets, strawberry, 800 g  (пеллетс из молодой кукурузы-клубничная);;CZ1459;1,52 EUR;шт
        23. MultiFish Pellets (ароматизированный пеллетс) (Catalogue p. 16);;;;
            Multifish Pellets, 6mm, 1kg, fish (пеллетс со вкусом рыбы);22,000;CZ1778;1,20 EUR;шт
            Multifish Pellets, 6mm, 1kg, honey (пеллетс со вкусом меда);3,000;CZ1761;1,20 EUR;шт
            Multifish Pellets, 6mm, 1kg, strawberry (пеллетс со вкусом клубники);10,000;CZ1754;1,20 EUR;шт
        24. Carp Pellets (прикормочный пеллетс) (Catalogue p. 17);;;;
            Carp Pellets, 800 g 10 mm (кормовой пеллетс для карпов);20,000;CZ3608;2,23 EUR;шт
            Carp Pellets, 800 g 3 mm   (кормовой пеллетс для карпов);22,000;CZ7286;2,23 EUR;шт
            Carp Pellets, 800 g 6 mm   (кормовой пеллетс для карпов);27,000;CZ3585;2,23 EUR;шт
        25. Flavoured Pellets (ароматизированный пеллетс) (Catalogue p. 17);;;;
            CZ Flavoured Pellets, 6mm, 800g, red strawberry (пеллетс красный-клубника);15,000;CZ1525;2,69 EUR;шт
            CZ Flavoured Pellets, 6mm, 800g, yellow pineapple (пеллетс желтый-ананас);15,000;CZ1532;2,69 EUR;шт
        26. Red Halibut Pellets (красный палтусовый пеллетс);;;;
            Red Halibut Pellets 10 mm, 800 g  (красный палтусовый пеллетс);218,000;CZ7958;2,25 EUR;шт
            Red Halibut Pellets 16 mm, 800 g   (красный палтусовый пеллетс);;CZ7965;2,55 EUR;шт
            Red Halibut Pellets 20 mm, 800 g   (красный палтусовый пеллетс);1 086,000;CZ7972;2,16 EUR;шт
        27. Feeding Halibut Pellet (without hole) (кормовой палтусовый пеллетс) (Catalogue p. 18);;;;
            Feeding Halibut Pellet 10 mm 800 g  (прикормочный пеллетс палтусовый );;CZ8009;2,16 EUR;шт
            Feeding Halibut Pellet 16 mm 10 kg  (прикормочный пеллетс палтусовый );;CZ5879;22,48 EUR;шт
            Feeding Halibut Pellet 16mm 800 g   (прикормочный пеллетс палтусовый );24,000;CZ8016;2,16 EUR;шт
            Feeding Halibut Pellet 20 mm 10 kg  (прикормочный пеллетс палтусовый );;CZ5886;22,48 EUR;шт
            Feeding Halibut Pellet 20 mm 800 g  (прикормочный пеллетс палтусовый );25,000;CZ8023;2,16 EUR;шт
            Feeding Halibut Pellet, 2 mm 800 g   (прикормочный пеллетс палтусовый );;CZ5951;2,16 EUR;шт
            Feeding Halibut Pellet, 3 mm 800 g   (прикормочный пеллетс палтусовый );;CZ7996;2,16 EUR;шт
            Feeding Halibut Pellet, 4,5 mm 800g (прикормочный пеллетс палтусовый );31,000;CZ5968;2,16 EUR;шт
            Feeding Halibut Pellet, 6 mm 800 g   (прикормочный пеллетс палтусовый );;CZ1120;2,16 EUR;шт
        28. Halibut Pellets pre-drilled (перфорированный палтусовый пеллетс) (Catalogue p. 19);;;;
            Halibut Pellets, 15 mm, pre-drilled, 10 kg (перфорированный палтусовый пеллетс);2,000;CZ4580;27,00 EUR;шт
            Halibut Pellets, 15 mm, pre-drilled, 800 g (перфорированный палтусовый пеллетс);;CZ4573;3,19 EUR;шт
            Halibut Pellets, 15mm, pre-drilled, 2,5kg (перфорированный халибут-пеллетс);;CZ1990;9,52 EUR;шт
            Halibut Pellets, 20 mm, pre-drilled, 10 kg (перфорированный палтусовый пеллетс);;CZ3912;27,00 EUR;шт
            Halibut Pellets, 20 mm, pre-drilled, 800 g (перфорированный палтусовый пеллетс);18,000;CZ3639;3,19 EUR;шт
            Halibut Pellets, 20mm, pre-drilled, 2,5kg (перфорированный халибут-пеллетс);;CZ2003;9,52 EUR;шт
            Halibut Pellets, 8 mm, pre-drilled, 800 g (перфорированный палтусовый пеллетс);14,000;CZ4636;3,19 EUR;шт
            Halibut Pellets, 8mm, pre-drilled, 2,5kg (перфорированный халибут-пеллетс);;CZ1983;9,52 EUR;шт
        29. Big Carp - Catfish Pellets (пеллетс на сома) (Catalogue p. 19);;;;
            CZ Big Carp - Catfish Pellets, 28mm, 800g (пеллетс для сомов);;CZ2119;2,96 EUR;шт
        30. Bloody Halibut Hook Pellets (перфорированный насадочный пеллетс,кров-халибут) (Catalogue p. 20);;;;
            Bloody Halibut Hook Pellets, 15 mm, pre-drilled 150g, honey (мед);11,000;CZ4979;1,11 EUR;шт
            Bloody Halibut Hook Pellets, 15 mm, pre-drilled 150g, vanilla  (ваниль);72,000;CZ4986;1,11 EUR;шт
            Bloody Halibut Hook Pellets, 15 mm, pre-drilled 150g, pineapple (ананас);28,000;CZ4993;1,11 EUR;шт
            Bloody Halibut Hook Pellets, 15 mm, pre-drilled 150g, banana (банан);104,000;CZ5006;1,11 EUR;шт
            Bloody Halibut Hook Pellets, 15 mm, pre-drilled 150g, mango (манго);56,000;CZ5013;1,11 EUR;шт
            Bloody Halibut Hook Pellets, 15mm, pre-drilled, 150g(кровь-палтус, пеллетс насадочный - перфорирован;43,000;CZ9646;1,11 EUR;шт
            Bloody Halibut Hook Pellets, 20 mm, pre-drilled 150g (кровь-палтус, пеллетс насадочный - перфорированный);;CZ4926;1,11 EUR;шт
            Bloody Halibut Hook Pellets, 20 mm, pre-drilled 150g, honey (мед);50,000;CZ5020;1,11 EUR;шт
            Bloody Halibut Hook Pellets, 20 mm, pre-drilled 150g, vanilla  (ваниль);57,000;CZ5037;1,11 EUR;шт
            Bloody Halibut Hook Pellets, 20 mm, pre-drilled 150g, pineapple (ананас);40,000;CZ5044;1,11 EUR;шт
            Bloody Halibut Hook Pellets, 20 mm, pre-drilled 150g, banana  (банан);55,000;CZ5051;1,11 EUR;шт
            Bloody Halibut Hook Pellets, 20 mm, pre-drilled 150g, mango (манго);64,000;CZ5068;1,11 EUR;шт
            Bloody Halibut Hook Pellets, 8 mm , pre-drilled  150g  (кровь-палтус, пеллетс насадочный - перфорированный);;CZ4896;1,11 EUR;шт
            Bloody Halibut Hook Pellets, 8 mm, pre-drilled 150g, honey (мед);;CZ4924;1,11 EUR;шт
            Bloody Halibut Hook Pellets, 8 mm, pre-drilled 150g, vanilla  (ваниль);38,000;CZ4931;1,11 EUR;шт
            Bloody Halibut Hook Pellets, 8 mm, pre-drilled 150g, pineapple (ананас);;CZ4948;1,11 EUR;шт
            Bloody Halibut Hook Pellets, 8 mm, pre-drilled 150g, banana (банан);31,000;CZ4955;1,11 EUR;шт
            Bloody Halibut Hook Pellets, 8 mm, pre-drilled 150g, mango (манго);80,000;CZ4962;1,11 EUR;шт
        31. Strawberry Halibut Hook Pellets (перфорированный насадочный пеллетс-клубничный + криль) (Catalog;;;;
            Strawberry Halibut Hook Pellets, 15mm, 150g (клубника-палтус, пеллетс насадочный- перфорированный);14,000;CZ9653;1,25 EUR;шт
            Strawberry Halibut Hook Pellets, 20 mm, 150g (клубника-палтус, пеллетс насадочный- перфорированный);33,000;CZ7866;1,25 EUR;шт
            Strawberry Halibut Hook Pellets, 8 mm, 150g (клубника-палтус, пеллетс насадочный - перфорированный);51,000;CZ7835;1,25 EUR;шт
        32. Pre-Drilled Black Halibut Pellets (перфорированный насадочный пеллетс-халибут) (Catalogue p.21);;;;
            Pre-Drilled Black Halibut Pellets, 15mm, 120g;30,000;CZ9370;1,04 EUR;шт
            Pre-Drilled Black Halibut Pellets, 20mm, 120g;29,000;CZ9387;1,04 EUR;шт
            Pre-Drilled Black Halibut Pellets, 8mm, 120g;;CZ9363;1,04 EUR;шт
        33. Soft Hook Pellet (насадочный пеллетс);;;;
            CZ Soft Hook Pellet,floating, 8mm, 100g, banana-hemp  (плавающий,банан-конопляное семя);350,000;CZ9119;1,62 EUR;шт
            CZ Soft Hook Pellet,floating, 8mm, 100g, honey (плавающий,мед);;CZ9096;2,23 EUR;шт
            CZ Soft Hook Pellet,floating, 8mm, 100g, scopex (плавающий,,скопекс);351,000;CZ9126;1,62 EUR;шт
            CZ Soft Hook Pellet,floating, 8mm, 100g, squid-octopus (плавающий,кальмар);12,000;CZ9140;2,23 EUR;шт
            CZ Soft Hook Pellet,floating, 8mm, 100g, wild cherry (плавающий,дикая черешня);83,000;CZ9102;2,23 EUR;шт
            CZ Soft Hook Pellet,sinking, 8mm, 120g, banana-hemp (тонущий,банан-конопляное семя);25,000;CZ9188;1,59 EUR;шт
            CZ Soft Hook Pellet,sinking, 8mm, 120g, honey (тонущий,мед);;CZ9164;1,59 EUR;шт
            CZ Soft Hook Pellet,sinking, 8mm, 120g, wild cherry (тонущий,дикая черешня);60,000;CZ9171;1,59 EUR;шт
        34. Long Cast Pellet (насадочный пеллетс);;;;
            CZ Long Cast Pellet,floating, 10mm, 100g, wild cherry (плавающий,дикая черешня);29,000;CZ9249;2,39 EUR;шт
            CZ Long Cast Pellet,sinking, 10mm, 120g, banana-hemp (тонущий,банан-конопляное семя);;CZ9324;1,59 EUR;шт
            CZ Long Cast Pellet,sinking, 10mm, 120g, honey (тонущий,мед);;CZ9300;1,59 EUR;шт
            CZ Long Cast Pellet,sinking, 10mm, 120g, scopex (тонущий,скопекс);7,000;CZ9331;1,59 EUR;шт
            CZ Long Cast Pellet,sinking, 10mm, 120g, strawberry (тонущий, клубника);2,000;CZ9294;1,59 EUR;шт
            CZ Long Cast Pellet,sinking, 10mm, 120g, wild cherry (тонущий,дикая черешня);60,000;CZ9317;1,59 EUR;шт
        35. Act-X Boilies (бойлы прикормочные) (Catalogue p. 23);;;;
            Act-X Boilies, 16mm, 800g, exotic fruits (экзотические фрукты);29,000;CZ9455;2,96 EUR;шт
            Act-X Boilies, 16mm, 800g, hot spice-garlic (острые специи-чеснок);26,000;CZ9486;2,96 EUR;шт
            Act-X Boilies, 16mm, 800g, liver (печень);27,000;CZ9462;2,96 EUR;шт
            Act-X Boilies, 16mm, 800g, plum (слива);23,000;CZ9448;2,96 EUR;шт
            Act-X Boilies, 16mm, 800g, shellfish-sardine;25,000;CZ9479;2,96 EUR;шт
            Act-X Boilies, 16mm, 800g, strawberry (клубника);26,000;CZ9424;2,96 EUR;шт
            Act-X Boilies, 16mm, 800g, vanilla (ваниль);29,000;CZ9431;2,96 EUR;шт
            Act-X Boilies, 20mm, 800g, exotic fruits (экзотические фрукты);19,000;CZ9523;2,96 EUR;шт
            Act-X Boilies, 20mm, 800g, hot spice-garlic (острые специи-чеснок);20,000;CZ9554;2,96 EUR;шт
            Act-X Boilies, 20mm, 800g, liver (печень);10,000;CZ9530;2,96 EUR;шт
            Act-X Boilies, 20mm, 800g, plum (слива);15,000;CZ9516;2,96 EUR;шт
            Act-X Boilies, 20mm, 800g, shellfish-sardine;20,000;CZ9547;2,96 EUR;шт
            Act-X Boilies, 20mm, 800g, strawberry (клубника);18,000;CZ9493;2,96 EUR;шт
            Act-X Boilies, 20mm, 800g, vanilla (ваниль);20,000;CZ9509;2,96 EUR;шт
        36. Big Catch Boilies (бойлы прикормочные);;;;
            Big Catch Boilies, 800g 18mm Banana-Hemp (банан-конопля);;CZ7392;4,24 EUR;шт
            Big Catch Boilies, 800g 18mm Dead (дохлый);;CZ7330;4,24 EUR;шт
            Big Catch Boilies, 800g 18mm Fish-Halibut (рыба-палтус);;CZ7361;4,24 EUR;шт
            Big Catch Boilies, 800g 18mm GLM (зелено губая ракушка);;CZ7354;4,24 EUR;шт
            Big Catch Boilies, 800g 18mm Monster Crab (гигантский краб);;CZ7347;4,24 EUR;шт
            Big Catch Boilies, 800g 18mm Pineapple-Squid    (ананас-кальмар);13,000;CZ7408;4,24 EUR;шт
            Big Catch Boilies, 800g 18mm Scopex-Tigernuts  (скопекс-тигровый орех);14,000;CZ7385;4,24 EUR;шт
            Big Catch Boilies, 800g 18mm Spicy Hungarian Paprika  (острый венгерский перец);;CZ7378;4,24 EUR;шт
            Big Catch Boilies, 800g 18mm Strawberry-Fish (клубника-рыба);12,000;CZ7323;4,24 EUR;шт
        37. Boilies by Carp Zoom (бойлы прикормочные Carp Zoom) ;;;;
            Boilies by Carp Zoom 16 mm, fish 800 g (рыба);;CZ4674;3,19 EUR;шт
            Boilies by Carp Zoom 16 mm, pineapple 800 g (ананас);182,000;CZ6040;1,99 EUR;шт
            Boilies by Carp Zoom 16 mm, spicy chili 800 g (острый чили перец);;CZ4634;3,19 EUR;шт
            Boilies by Carp Zoom 16 mm, strawberry 800 g (клубника);106,000;CZ2588;1,99 EUR;шт
            Boilies by Carp Zoom 16 mm, vanilla 800 g (ваниль);217,000;CZ4667;1,99 EUR;шт
            Boilies by Carp Zoom 20 mm, liver 800 g  (печень);;CZ4603;3,19 EUR;шт
            Boilies by Carp Zoom 20 mm, spicy chili 800 g (острый чили перец);3,000;CZ4641;3,19 EUR;шт
        38. Boilies by Carp Zoom (бойлы прикормочные) (Catalogue p. 24);;;;
            CZ Boilies by Carp Zoom, 13mm, 500g, fish-halibut (рыба-палтус);;CZ6026;2,37 EUR;шт
            CZ Boilies by Carp Zoom, 13mm, 500g, GLM (зелено-губая ракушка);;CZ6033;2,37 EUR;шт
            CZ Boilies by Carp Zoom, 13mm, 500g, mango (манго);;CZ5982;2,37 EUR;шт
            CZ Boilies by Carp Zoom, 13mm, 500g, pineapple (ананас);;CZ6019;2,37 EUR;шт
            CZ Boilies by Carp Zoom, 13mm, 500g, plum (слива);;CZ5999;2,37 EUR;шт
            CZ Boilies by Carp Zoom, 13mm, 500g, strawberry (клубника);;CZ6002;2,37 EUR;шт
        39. Soluble Boilies in pot (растворимые бойлы) (Catalogue p. 25);;;;
            CZ Soluble Boilies, 20mm, 100g, cranberry (клюква);55,000;CZ0766;1,27 EUR;шт
            CZ Soluble Boilies, 20mm, 100g, fish-monster crab (рыба-гигантский краб);;CZ0773;1,27 EUR;шт
            CZ Soluble Boilies, 20mm, 100g, mango (манго);26,000;CZ0742;1,27 EUR;шт
            CZ Soluble Boilies, 20mm, 100g, meat-GLM (мясо-зелено губая ракушка);;CZ0780;1,27 EUR;шт
            CZ Soluble Boilies, 20mm, 100g, plum (слива);;CZ0735;1,27 EUR;шт
            CZ Soluble Boilies, 20mm, 100g, spicy frankfurter-belachan (франкфуртская колбаса);11,000;CZ0797;1,27 EUR;шт
            CZ Soluble Boilies, 20mm, 100g, strawberry (клубника);;CZ0728;1,27 EUR;шт
            CZ Soluble Boilies, 20mm, 100g, sweet corn-pineapple  (сладкая кукуруза-ананас);;CZ0759;1,27 EUR;шт
            CZ Soluble Boilies, 24mm, 100g, cranberry (клюква);14,000;CZ0841;1,20 EUR;шт
            CZ Soluble Boilies, 24mm, 100g, fish-monster crab (рыба-гигантский краб);;CZ0858;1,20 EUR;шт
            CZ Soluble Boilies, 24mm, 100g, mango (манго);55,000;CZ0827;1,20 EUR;шт
            CZ Soluble Boilies, 24mm, 100g, meat-GLM (мясо-зелено губая ракушка);6,000;CZ0865;1,20 EUR;шт
            CZ Soluble Boilies, 24mm, 100g, plum (слива);8,000;CZ0810;1,20 EUR;шт
            CZ Soluble Boilies, 24mm, 100g, spicy frankfurter-belachan (франкфуртская колбаса);;CZ0872;1,20 EUR;шт
            CZ Soluble Boilies, 24mm, 100g, strawberry (клубника);29,000;CZ0803;1,20 EUR;шт
            CZ Soluble Boilies, 24mm, 100g, sweet corn-pineapple  (сладкая кукуруза-ананас);;CZ0834;1,20 EUR;шт
        40. Soluble Boilies in bag (растворимые бойлы);;;;
            CZ Soluble Boilies, 20mm, 800g, fish-monster crab (рыба-гигантский краб);3,000;CZ0636;2,19 EUR;шт
            CZ Soluble Boilies, 20mm, 800g, mango (манго);28,000;CZ0629;2,19 EUR;шт
            CZ Soluble Boilies, 20mm, 800g, plum (слива);;CZ0612;2,19 EUR;шт
            CZ Soluble Boilies, 20mm, 800g, strawberry (клубника);;CZ0605;2,19 EUR;шт
            CZ Soluble Boilies, 24mm, 800g, fish-monster crab (рыба-гигантский краб);5,000;CZ0698;2,19 EUR;шт
            CZ Soluble Boilies, 24mm, 800g, mango (манго);16,000;CZ0681;2,19 EUR;шт
            CZ Soluble Boilies, 24mm, 800g, meat-GLM (мясо-зелено губая ракушка);;CZ0704;2,19 EUR;шт
